global_id,mean_stepTime,median_stepTime,std_stepTime,max_stepTime,total_step_time,time_to_first_fail_sec,steps_to_first_fail,max_idle_gap_sec,test_duration_sec,time_to_first_fail_frac
2,15.76,15.76,,15.76,15.76,,,,27.0,
3,13.86,13.86,,13.86,13.86,13.86,,,22.0,0.63
4,61.81,61.81,,61.81,61.81,61.81,,,72.0,0.8584722222222223
5,2.91,2.91,,2.91,2.91,,,,12.0,
6,4.6325,1.205,7.116850728075888,20.28,37.06,29.730000000000004,,,53.0,0.5609433962264152
7,6.525555555555556,0.03,18.460738193755557,156.83,1057.14,,,,10.0,
8,6.52679012345679,0.03,18.460512353149124,156.83,1057.34,,,,,
9,5.0075,1.21,7.57302496647523,20.5,40.06,27.580000000000002,,,53.0,0.5203773584905661
10,5.0075,1.21,7.573024966475229,20.5,40.06,17.14,,,18.0,0.9522222222222223
11,6.415061728395062,0.03,18.301917126166323,156.14,1039.24,347.34000000000003,,,1066.0,0.3258348968105066
12,6.433703703703704,0.03,18.304116052359564,156.14,1042.26,349.18999999999994,,,17.0,20.540588235294113
13,6.433703703703704,0.03,18.30411605235956,156.14,1042.26,369.8399999999999,,,48.0,7.704999999999998
14,6.433703703703704,0.03,18.304116052359564,156.14,1042.26,357.75999999999993,,,311.0,1.150353697749196
15,6.433703703703704,0.03,18.304116052359568,156.14,1042.26,353.85999999999996,,,170.0,2.0815294117647056
16,6.433703703703704,0.03,18.30411605235956,156.14,1042.26,369.51,,,10.0,36.951
17,6.433703703703704,0.03,18.304116052359557,156.14,1042.26,347.13000000000005,,,68.0,5.104852941176471
18,6.433703703703704,0.03,18.304116052359557,156.14,1042.26,367.84,,,69.0,5.3310144927536225
19,6.433703703703704,0.03,18.30411605235957,156.14,1042.26,359.81999999999994,,,79.0,4.5546835443037965
20,6.433703703703704,0.03,18.304116052359564,156.14,1042.26,367.8,,,166.0,2.2156626506024097
21,6.433703703703704,0.03,18.304116052359554,156.14,1042.26,339.11,,,395.0,0.8585063291139241
22,6.254382716049383,0.03,17.910796561502387,155.65,1013.21,340.02,,,294.0,1.156530612244898
23,6.254382716049383,0.03,17.910796561502377,155.65,1013.21,319.31000000000006,,,280.0,1.1403928571428574
24,73.43374999999999,1.2,197.14080681710723,561.04,587.4699999999999,581.55,,,622.0,0.9349678456591639
25,73.43374999999999,1.2,197.14080681710723,561.04,587.4699999999999,581.55,,,152.0,3.8259868421052627
26,6.39746913580247,0.04,17.56440377269738,138.61,1036.39,,,,1064.0,
28,8.370714285714286,0.04,30.998619972594007,339.57,1406.28,,,,381.0,
29,8.127440476190477,0.04,28.44020684288173,298.71,1365.41,,,,340.0,
30,13.449597701149425,0.04,58.6322539257639,607.84,2340.23,,,,574.0,
31,8.127440476190477,0.04,28.440206842881725,298.71,1365.41,,,,61.0,
32,8.127440476190475,0.04,28.440206842881732,298.71,1365.4099999999999,,,,102.0,
33,13.449597701149425,0.04,58.63225392576389,607.84,2340.23,,,,711.0,
34,13.449597701149425,0.04,58.632253925763884,607.84,2340.23,,,,463.0,
42,6.05063829787234,0.04,26.71617981524683,343.17,1990.66,1759.2499999999968,,,2044.0,0.8606898238747538
43,7.881369047619048,0.07,25.662587389576657,252.36,1324.07,444.38,,,1352.0,0.3286834319526627
44,7.881369047619048,0.07,25.662587389576665,252.36,1324.07,187.22000000000003,,,350.0,0.5349142857142858
45,7.881369047619048,0.07,25.662587389576657,252.36,1324.07,115.87,,,78.0,1.4855128205128205
46,7.881369047619048,0.07,25.66258738957665,252.36,1324.07,418.27,,,88.0,4.753068181818182
47,7.839679487179487,0.05,26.40889413765802,252.36,1222.99,91.82,,,584.0,0.15722602739726027
49,13.47735632183908,0.06,54.03368393795653,478.4,2345.06,387.68000000000006,,,2354.0,0.16468988954970265
50,13.47735632183908,0.06,54.03368393795653,478.4,2345.06,301.48,,,188.0,1.6036170212765959
51,13.47735632183908,0.06,54.03368393795654,478.4,2345.06,316.88,,,73.0,4.340821917808219
52,12.275,0.065,50.271492568143444,478.4,2135.85,362.41999999999996,,,1042.0,0.34781190019193853
53,12.275,0.065,50.271492568143444,478.4,2135.85,586.2199999999999,,,1354.0,0.4329542097488921
56,12.998620689655171,0.08,53.28280291001758,514.4,2261.7599999999998,,,,2270.0,
57,12.998620689655171,0.08,53.282802910017566,514.4,2261.7599999999998,,,,93.0,
58,12.998620689655173,0.08,53.28280291001757,514.4,2261.76,,,,83.0,
59,12.998620689655171,0.08,53.28280291001758,514.4,2261.7599999999998,,,,104.0,
60,12.998620689655171,0.08,53.28280291001758,514.4,2261.7599999999998,,,,68.0,
61,12.998620689655171,0.08,53.28280291001757,514.4,2261.7599999999998,,,,132.0,
62,12.998620689655171,0.08,53.28280291001758,514.4,2261.7599999999998,,,,1244.0,
63,12.998620689655173,0.08,53.28280291001758,514.4,2261.76,,,,15.0,
64,12.998620689655171,0.08,53.28280291001757,514.4,2261.7599999999998,,,,1241.0,
66,7.940892857142857,0.07,25.854245781815724,254.73,1334.07,1206.0300000000004,,,1363.0,0.8848349229640502
67,7.940892857142857,0.07,25.854245781815706,254.73,1334.07,1204.2000000000003,,,256.0,4.703906250000001
68,7.940892857142857,0.07,25.854245781815706,254.73,1334.07,1250.9500000000003,,,256.0,4.886523437500001
69,7.940892857142857,0.07,25.85424578181572,254.73,1334.07,1189.0400000000004,,,256.0,4.644687500000002
70,7.940892857142857,0.07,25.854245781815713,254.73,1334.07,1167.0800000000002,,,1657.0,0.7043331321665661
71,7.948928571428571,0.055,25.86437797332392,254.73,1335.4199999999998,,,,1078.0,
73,7.932678571428572,0.07500000000000001,25.76984972904852,252.82,1332.69,,,,1361.0,
75,14.81,5.405,20.4183600852622,57.35,118.48,118.47999999999999,,,169.0,0.7010650887573964
76,14.81,5.405,20.4183600852622,57.35,118.48,81.76,,,93.0,0.8791397849462366
77,14.81,5.405,20.4183600852622,57.35,118.48,92.57,,,95.0,0.9744210526315789
78,14.81,5.405,20.4183600852622,57.35,118.48,24.41,,,1655.0,0.014749244712990937
79,14.81,5.405,20.4183600852622,57.35,118.48,24.41,,,95.0,0.25694736842105265
80,14.81,5.405,20.4183600852622,57.35,118.48,35.22,,,30.0,1.174
81,7.96,0.08,25.48531106813336,251.39,1337.28,588.3399999999997,,,1366.0,0.4307027818448021
82,7.819583333333334,0.08,25.467168775780546,251.39,1313.69,582.7599999999998,,,498.0,1.170200803212851
83,7.819583333333334,0.08,25.467168775780554,251.39,1313.69,647.7899999999997,,,335.0,1.9337014925373126
84,7.819583333333334,0.08,25.467168775780543,251.39,1313.69,582.7099999999998,,,336.0,1.7342559523809518
85,7.819583333333334,0.08,25.467168775780557,251.39,1313.69,653.5099999999998,,,335.0,1.9507761194029845
86,7.816488095238095,0.08,25.473870683362428,251.39,1313.17,,,,334.0,
88,4.535,4.535,6.413458505361986,9.07,9.07,,,,508.0,
89,7.916964285714285,0.08,25.678620380025706,252.06,1330.05,,,,1360.0,
90,7.962142857142858,0.065,25.611465554234833,250.02,1337.64,878.3299999999999,,,1369.0,0.6415850986121255
91,7.959047619047619,0.055,25.60844638070898,250.02,1337.1200000000001,,,,233.0,
93,7.920892857142857,0.065,25.672359185398996,251.21,1330.71,,,,1361.0,
96,9.887471264367816,0.065,35.389301744476356,333.04,1720.42,,,,13.0,
97,9.887471264367816,0.065,35.38930174447636,333.04,1720.42,,,,1486.0,
98,9.887471264367816,0.065,35.38930174447636,333.04,1720.42,,,,1365.0,
99,9.891781609195403,0.07500000000000001,35.43092279169574,333.04,1721.17,719.4299999999998,,,1361.0,0.5286039676708302
100,9.771206896551725,0.07,35.25133674721594,333.04,1700.19,601.8199999999998,,,280.0,2.1493571428571423
101,9.769885057471265,0.07,35.268457291969796,333.04,1699.96,602.2299999999998,,,279.0,2.15853046594982
103,2.23,2.23,3.1536962440920018,4.46,4.46,,,,51.0,
104,2.23,2.23,3.1536962440920018,4.46,4.46,,,,29.0,
105,8.120595238095238,0.07,27.577627413816927,283.9,1364.26,,,,1393.0,
106,8.120595238095238,0.07,27.577627413816916,283.9,1364.26,,,,192.0,
109,9.876494252873563,0.08,35.56851463448306,334.19,1718.51,,,,1367.0,
110,9.876494252873563,0.08,35.568514634483044,334.19,1718.51,,,,337.0,
112,7.941369047619048,0.08,25.684527202879238,251.47,1334.15,405.65,,,1362.0,0.2978340675477239
113,7.9160714285714295,0.08,25.638060405579385,251.47,1329.9,,,,334.0,
116,10.026264367816092,0.08,36.39992611564622,337.34,1744.57,906.6399999999996,,,1385.0,0.6546137184115521
119,6.294833836858007,0.04,32.121625447845915,543.23,2083.59,798.9999999999983,,,2395.0,0.3336116910229638
120,2.737142857142857,0.0,6.53262813994081,37.42,172.44,,,,182.0,
124,7.929940476190477,0.08,25.631237783139493,251.2,1332.23,627.5499999999998,,,1361.0,0.46109478324761194
126,10.403620689655172,0.07500000000000001,37.406004202516,361.23,1810.23,650.5899999999999,,,1303.0,0.4993016116653875
129,6.05,6.6899999999999995,3.137270575941238,8.75,24.2,7.09,,,34.0,0.20852941176470588
130,11.179827586206896,0.08,39.89814238615698,360.33,1945.29,843.2199999999998,,,1954.0,0.4315353121801432
131,11.180689655172413,0.07500000000000001,39.89941455212785,360.33,1945.44,644.4099999999997,,,292.0,2.206883561643835
134,7.951488095238095,0.08,25.86725409275709,254.72,1335.85,658.7099999999997,,,1366.0,0.48221815519765715
135,7.966964285714286,0.07,25.871327197667625,254.72,1338.45,875.8399999999999,,,499.0,1.7551903807615228
136,7.950416666666667,0.06,25.859809460518676,254.72,1335.67,,,,227.0,
138,8.23795620437956,0.03,35.66673044306231,301.18,1128.6,66.27,,,1279.0,0.05181391712275215
139,8.036607142857143,0.07,26.75492987938347,269.77,1350.15,,,,1078.0,
142,8.084464285714287,0.07500000000000001,25.77360179353849,251.92,1358.19,678.2099999999998,,,1388.0,0.4886239193083572
143,8.450714285714286,0.07500000000000001,26.484498857374316,251.92,1419.72,,,,421.0,
147,4.63,4.63,6.547808793787429,9.26,9.26,,,,301.0,
148,7.875297619047619,0.060000000000000005,25.03995647500559,240.12,1323.05,864.59,,,1353.0,0.6390169992609017
150,7.849107142857142,0.08,25.029025708975333,240.12,1318.6499999999999,,,,228.0,
152,7.974404761904762,0.065,25.68513549258233,251.39,1339.7,,,,1370.0,
154,2.375,2.375,3.3587572106361008,4.75,4.75,,,,14.0,
155,7.996130952380952,0.055,25.89257181818744,254.94,1343.35,,,,1373.0,
157,7.831250000000001,0.07,25.874648823154246,255.57,1315.65,,,,1345.0,
158,9.00080459770115,0.07,29.64903449941877,255.57,1566.14,1565.35,,,297.0,5.27053872053872
159,9.00080459770115,0.07,29.649034499418786,255.57,1566.14,1561.3599999999994,,,137.0,11.396788321167879
161,7.936130952380952,0.06,25.67633846164829,251.29,1333.27,,,,1363.0,
162,7.92922619047619,0.06,25.67718321235775,251.29,1332.11,,,,13.0,
164,7.885416666666667,0.08,25.06696286689434,240.21,1324.75,620.4599999999999,,,1354.0,0.4582422451994091
165,7.879047619047619,0.08,25.05897000139177,240.21,1323.68,,,,337.0,
167,7.875714285714286,0.060000000000000005,25.786417711828385,254.4,1323.1200000000001,,,,1353.0,
169,8.001071428571429,0.07500000000000001,25.821836602994633,253.44,1344.18,,,,1374.0,
171,8.008988095238095,0.06,25.74317563519094,255.42,1345.51,,,,1375.0,
172,8.008988095238095,0.06,25.743175635190955,255.42,1345.51,,,,287.0,
173,8.008988095238095,0.06,25.743175635190944,255.42,1345.51,,,,499.0,
175,23.668571428571425,1.205,67.7320234291151,256.84,331.35999999999996,302.68,,,490.0,0.6177142857142858
176,7.955535714285714,0.07500000000000001,25.81118716651415,253.77,1336.53,862.8199999999999,,,1365.0,0.632102564102564
177,7.954702380952382,0.07,25.81299078611515,253.77,1336.39,,,,126.0,
179,7.965416666666667,0.07500000000000001,25.79510262793752,253.99,1338.19,,,,1368.0,
182,7.862321428571428,0.07500000000000001,25.041205801475954,240.39,1320.87,633.8099999999997,,,1352.0,0.46879437869822466
183,7.684087591240876,0.09,24.64476130213742,240.39,1052.72,,,,313.0,
184,7.684087591240876,0.09,24.644761302137418,240.39,1052.72,,,,51.0,
185,7.684087591240876,0.09,24.644761302137415,240.39,1052.72,,,,316.0,
186,7.684087591240876,0.09,24.64476130213742,240.39,1052.72,,,,336.0,
187,7.684087591240876,0.09,24.64476130213742,240.39,1052.72,,,,334.0,
188,7.872678571428571,0.07500000000000001,25.083042163173467,240.39,1322.61,433.2099999999997,,,336.0,1.2893154761904753
189,7.872678571428571,0.07500000000000001,25.08304216317348,240.39,1322.61,616.8599999999997,,,14.0,44.06142857142855
190,7.864404761904762,0.07500000000000001,25.06640817519029,240.39,1321.22,64.52,,,336.0,0.1920238095238095
191,7.917559523809523,0.07500000000000001,25.0668955654634,240.39,1330.1499999999999,,,,75.0,
192,9.443390804597701,0.07500000000000001,29.66847073052481,240.39,1643.15,1608.1799999999998,,,368.0,4.370054347826087
196,8.900238095238095,0.06,32.71330676443347,301.22,1495.24,268.02,,,1525.0,0.17575081967213113
197,8.900238095238095,0.06,32.713306764433476,301.22,1495.24,320.85,,,543.0,0.5908839779005526
198,8.900238095238095,0.06,32.71330676443348,301.22,1495.24,289.14,,,762.0,0.37944881889763776
199,8.900238095238095,0.06,32.71330676443347,301.22,1495.24,37.85,,,387.0,0.09780361757105943
200,8.900238095238095,0.06,32.71330676443348,301.22,1495.24,37.85,,,379.0,0.09986807387862798
201,8.900238095238095,0.06,32.71330676443348,301.22,1495.24,293.99,,,13.0,22.614615384615384
202,7.92029761904762,0.07500000000000001,25.64951983128657,250.72,1330.6100000000001,627.5799999999997,,,1361.0,0.4611168258633356
203,7.920297619047618,0.07500000000000001,25.64951983128657,250.72,1330.61,856.5900000000005,,,496.0,1.7269959677419364
204,7.919583333333334,0.06,25.623491849392586,250.72,1330.49,403.98,,,499.0,0.8095791583166333
205,7.911964285714286,0.06,25.624187541001984,250.72,1329.21,622.2199999999996,,,14.0,44.444285714285684
206,7.911964285714286,0.06,25.624187541001987,250.72,1329.21,371.5,,,352.0,1.0553977272727273
207,8.847651515151515,0.01,28.49714641827321,250.72,1167.89,231.07,,,467.0,0.494796573875803
208,8.847651515151515,0.01,28.49714641827321,250.72,1167.89,621.7799999999997,,,295.0,2.107728813559321
209,8.847651515151515,0.01,28.4971464182732,250.72,1167.89,648.2299999999998,,,443.0,1.4632731376975165
210,8.847651515151515,0.01,28.49714641827321,250.72,1167.89,375.99,,,460.0,0.8173695652173913
211,8.847651515151515,0.01,28.49714641827321,250.72,1167.89,556.6999999999997,,,14.0,39.76428571428569
212,8.847651515151515,0.01,28.497146418273207,250.72,1167.89,402.07000000000005,,,298.0,1.3492281879194632
213,7.976964285714285,0.08499999999999999,25.76695336936124,252.27,1340.1299999999999,889.9799999999996,,,1370.0,0.649620437956204
214,7.9573809523809516,0.07,25.75420291816103,252.27,1336.84,,,,289.0,
217,18.211666666666666,0.0,75.5159079507304,370.84,437.08,,,,689.0,
218,23.009999999999998,1.205,66.86191292507267,253.19,322.14,64.13,,,362.0,0.17715469613259668
219,23.009999999999998,1.205,66.86191292507267,253.19,322.14,63.78,,,71.0,0.8983098591549296
220,23.009999999999998,1.205,66.86191292507267,253.19,322.14,38.93000000000001,,,66.0,0.589848484848485
221,23.009999999999998,1.205,66.86191292507267,253.19,322.14,295.75000000000006,,,528.0,0.5601325757575759
222,23.009999999999998,1.205,66.86191292507267,253.19,322.14,292.12000000000006,,,1164.0,0.25096219931271485
223,8.419444444444444,0.03,36.02792320726981,253.19,454.65,,,,440.0,
224,8.419444444444444,0.03,36.027923207269815,253.19,454.65,,,,154.0,
225,7.9425,0.065,25.788089502319487,253.19,1334.34,,,,1080.0,
226,7.9425,0.065,25.788089502319494,253.19,1334.34,,,,323.0,
229,8.38,0.04,35.67828206795773,250.18,452.52000000000004,289.07,,,644.0,0.4488664596273292
230,8.379999999999999,0.04,35.67828206795773,250.18,452.52,289.07,,,127.0,2.2761417322834645
231,8.38,0.04,35.67828206795774,250.18,452.52000000000004,289.07,,,149.0,1.9400671140939596
232,8.379999999999999,0.04,35.67828206795773,250.18,452.52,38.89,,,193.0,0.20150259067357512
233,8.393888888888888,0.04,35.67723016877464,250.18,453.27,316.58000000000004,,,98.0,3.2304081632653063
234,8.393888888888888,0.04,35.67723016877464,250.18,453.27,61.56,,,18.0,3.42
235,7.500653594771241,0.09,25.821658561869977,250.18,1147.6,,,,875.0,
236,7.946964285714286,0.065,25.802316977123173,250.18,1335.0900000000001,,,,256.0,
240,8.572261904761906,0.08,32.21386811677183,301.29,1440.14,821.8299999999997,,,1450.0,0.5667793103448274
241,23.154285714285717,1.205,66.98756597760809,253.8,324.16,293.65000000000003,,,395.0,0.7434177215189874
242,7.9785119047619055,0.07,26.032144998470912,253.8,1340.39,,,,1085.0,
246,9.118571428571428,0.08,34.04380085111059,301.1,1531.92,823.81,,,1562.0,0.5274071702944942
247,9.0725,0.08,34.030476544302694,301.15,1524.18,566.26,,,499.0,1.1347895791583167
248,7.965547445255474,0.08,27.46885880945344,280.37,1091.28,,,,452.0,
249,7.768540145985401,0.08,25.49827440932338,252.86,1064.29,,,,352.0,
250,8.929880952380952,0.07500000000000001,32.770370124085794,301.2,1500.22,536.1499999999999,,,502.0,1.0680278884462149
251,8.929880952380952,0.07500000000000001,32.770370124085794,301.2,1500.22,796.3399999999999,,,446.0,1.7855156950672644
252,6.638173913043478,0.03,29.962637482067045,301.18,763.39,36.72,,,825.0,0.04450909090909091
253,5.920748299319728,0.09,16.932124048053712,145.8,870.35,,,,767.0,
255,7.559346405228758,0.09,26.057448492483385,253.36,1156.58,,,,299.0,
256,7.902440476190477,0.07,25.808412950787048,253.36,1327.6100000000001,,,,203.0,
259,8.945,0.08,32.83613319369033,301.27,1502.76,288.42,,,1533.0,0.18814090019569474
260,8.928333333333333,0.08,32.84456492495798,301.28,1499.96,298.43,,,689.0,0.43313497822931785
261,8.928333333333333,0.08,32.84456492495797,301.28,1499.96,287.95,,,99.0,2.9085858585858584
262,8.17125,1.205,12.835017321486447,31.77,65.37,8.33,,,119.0,0.07
263,8.17125,1.205,12.835017321486447,31.77,65.37,6.27,,,78.0,0.08038461538461537
264,8.928333333333333,0.08,32.844564924957986,301.28,1499.96,292.83000000000004,,,103.0,2.8430097087378643
265,7.991845238095239,0.055,26.0276889098491,254.23,1342.63,,,,1147.0,
266,7.987261904761906,0.055,26.0288960960487,254.23,1341.8600000000001,,,,69.0,
267,7.987261904761906,0.055,26.028896096048705,254.23,1341.8600000000001,,,,985.0,
272,6.195379939209726,0.05,28.4304647436721,385.56,2038.28,1797.0899999999979,,,2093.0,0.8586192068800754
273,6.195379939209726,0.05,28.430464743672093,385.56,2038.28,1793.2299999999998,,,485.0,3.6973814432989687
274,5.702887537993921,0.04,24.510999270414597,385.56,1876.25,,,,326.0,
276,8.57562091503268,0.08,33.492928099393446,301.29,1312.07,783.2199999999999,,,1342.0,0.5836214605067064
277,7.389869281045752,0.08,25.82730730475747,254.59,1130.65,,,,287.0,
278,7.747916666666667,0.07,25.600018100998618,254.59,1301.65,,,,203.0,
282,7.519150326797386,0.09,25.32181249612861,241.35,1150.43,,,,1180.0,
286,8.833095238095238,0.06,32.17611199595911,301.32,1483.96,503.13999999999976,,,1514.0,0.33232496697490077
287,8.84952380952381,0.06,32.164231385348046,301.19,1486.72,542.59,,,501.0,1.0830139720558882
288,9.037559523809524,0.06,32.2584851855059,301.23,1518.31,839.0499999999998,,,533.0,1.5742026266416507
289,8.819226190476192,0.06,32.17335899061443,301.31,1481.63,500.8199999999998,,,500.0,1.0016399999999996
290,8.819226190476192,0.06,32.17335899061444,301.31,1481.63,771.6199999999998,,,494.0,1.5619838056680158
291,7.685985401459854,0.08,24.538753787447344,239.12,1052.98,,,,296.0,
292,8.860416666666666,0.06,32.15853044937957,301.17,1488.55,569.8100000000001,,,503.0,1.1328230616302188
293,8.860416666666666,0.06,32.158530449379576,301.17,1488.55,808.6299999999999,,,341.0,2.371348973607038
294,7.895238095238096,0.06,25.195592190127915,239.12,1326.4,,,,343.0,
296,8.908988095238096,0.065,32.80915776275968,301.12,1496.71,787.1199999999998,,,1526.0,0.5158060288335516
297,8.908988095238096,0.065,32.80915776275969,301.12,1496.71,791.7599999999998,,,659.0,1.2014567526555384
298,7.989583333333333,0.060000000000000005,25.89877608728569,251.48,1342.25,,,,1372.0,
299,9.852068965517242,0.06,35.355982010159615,338.59,1714.26,,,,1862.0,
302,8.918095238095239,0.06,32.74872926094149,301.28,1498.24,821.0499999999998,,,1527.0,0.5376882776686313
303,8.89452380952381,0.06,32.74092734064169,301.15,1494.28,817.3799999999998,,,497.0,1.6446277665995972
304,8.89452380952381,0.06,32.74092734064169,301.15,1494.28,539.27,,,380.0,1.4191315789473684
305,8.95922619047619,0.06,32.74787370703272,301.29,1505.15,797.2899999999997,,,510.0,1.5633137254901956
306,8.773333333333333,0.06,32.58657726065856,301.22,1473.92,197.35999999999996,,,443.0,0.4455079006772008
307,7.984880952380952,0.06,25.91176000530588,252.08,1341.46,,,,352.0,
312,8.47888888888889,0.045,36.25210768975626,254.7,457.86,,,,887.0,
313,7.978511904761904,0.06,25.95257486423438,252.88,1340.3899999999999,,,,1370.0,
316,8.266308724832216,0.09,33.06989876799846,301.15,1231.68,534.1099999999999,,,1261.0,0.42356066613798565
317,7.228657718120805,0.08,25.3349169814384,239.18,1077.07,,,,344.0,
318,7.910833333333334,0.06,25.223127525658835,239.18,1329.02,,,,318.0,
319,7.877440476190476,0.07,25.184761265424694,239.18,1323.41,,,,832.0,
321,7.288540145985401,0.04,26.974742449300546,252.32,998.53,940.9099999999996,,,1152.0,0.8167621527777774
326,4.7902735562310035,0.03,22.733237316501,380.74,1576.0,463.84999999999997,,,1629.0,0.28474524248004907
327,5.015927051671732,0.03,22.870440485365883,380.74,1650.24,52.17,,,451.0,0.11567627494456763
328,6.125288753799392,0.04,28.12472088737214,380.74,2015.22,1784.2199999999991,,,814.0,2.1919164619164606
329,5.380337837837838,0.045,23.87749408864497,380.74,1592.5800000000002,,,,159.0,
330,6.130243161094225,0.04,28.122735203150956,380.74,2016.8500000000001,1775.9099999999964,,,485.0,3.661670103092776
331,6.130243161094224,0.04,28.122735203150956,380.74,2016.85,1757.4899999999977,,,435.0,4.040206896551719
332,5.644255319148936,0.04,24.16352535220821,380.74,1856.96,,,,326.0,
334,10.388541033434652,0.04,87.893535648764,1538.63,3417.8300000000004,2660.0900000000056,,,8925.0,0.2980492997198886
335,13.130652173913044,6.9,14.330701991361673,41.31,604.01,474.81999999999994,,,613.0,0.7745840130505709
336,5.867294832826747,0.04,24.201520392448515,380.25,1930.34,1682.9899999999964,,,1998.0,0.8423373373373355
337,5.932978723404255,0.04,24.267296514538785,381.08,1951.95,1712.2999999999977,,,2787.0,0.6143882310728374
339,8.926726190476192,0.08,32.87745288765036,301.19,1499.69,821.2899999999998,,,1530.0,0.5367908496732026
340,8.926726190476192,0.08,32.87745288765036,301.19,1499.69,820.8099999999997,,,448.0,1.832165178571428
341,8.00297619047619,0.07,26.111675791609702,255.21,1344.5,,,,345.0,
343,6.042522796352584,0.04,27.78175879907089,372.92,1987.99,759.3899999999978,,,2043.0,0.3717033773861957
344,6.142613981762918,0.04,27.909598868488338,372.92,2020.92,1242.3399999999976,,,553.0,2.246546112115728
345,6.148176291793313,0.04,27.915961477271992,372.92,2022.75,1718.599999999997,,,509.0,3.3764243614931178
346,6.1428875379939205,0.04,27.913492877540577,372.92,2021.01,1790.1299999999978,,,652.0,2.745598159509199
347,6.1428875379939205,0.04,27.913492877540573,372.92,2021.01,1790.5399999999972,,,492.0,3.6393089430894254
348,6.1428875379939205,0.04,27.913492877540584,372.92,2021.01,1742.169999999997,,,435.0,4.004988505747119
349,13.137222222222222,0.02,50.786643666623945,301.36,472.94,301.36,,,483.0,0.6239337474120084
350,13.137222222222222,0.02,50.78664366662395,301.36,472.94,310.43,,,327.0,0.9493272171253823
351,22.01595238095238,0.02,77.68865783618558,412.85,924.6700000000001,13.51,,,511.0,0.026438356164383562
354,6.484407294832827,0.04,28.91002402901104,386.61,2133.37,1891.9599999999964,,,2188.0,0.8646983546617899
355,6.484407294832827,0.04,28.910024029011034,386.61,2133.37,1600.469999999998,,,476.0,3.362331932773105
356,5.743495440729483,0.04,24.61656476055294,386.61,1889.6100000000001,1659.3099999999965,,,334.0,4.967994011976038
357,5.724285714285714,0.04,24.575031973848585,386.61,1883.29,1644.0799999999967,,,326.0,5.043190184049069
359,5.847963525835866,0.04,24.27329000630883,382.09,1923.98,1680.709999999997,,,2083.0,0.806869899183868
360,5.800091185410334,0.04,23.719668622576307,370.23,1908.23,1251.509999999998,,,3917.0,0.31950727597651213
364,6.2037082066869305,0.05,28.475079845066105,386.56,2041.02,1807.769999999997,,,2096.0,0.8624856870228993
365,6.195501519756839,0.05,28.46881353931219,386.56,2038.32,1785.8499999999967,,,482.0,3.7050829875518603
366,6.214164133738602,0.05,28.46643976102563,386.56,2044.46,1340.059999999999,,,488.0,2.7460245901639326
367,6.201732522796353,0.05,28.470119461852292,386.56,2040.3700000000001,1808.1899999999969,,,484.0,3.7359297520661094
368,5.720364741641338,0.05,24.567812868361916,386.56,1882.0,,,,327.0,
370,6.396,0.04,26.77972529631525,375.05,2142.66,2132.449999999996,,,2197.0,0.970619025944468
371,9.838119402985075,0.04,79.37684257308253,1393.24,3295.77,3231.5999999999963,,,3349.0,0.9649447596297391
373,5.816170212765957,0.04,22.809363020162877,349.09,1913.52,1154.5399999999981,,,3403.0,0.33927123126652897
375,15.678461538461539,8.99,14.63255410637915,41.23,611.46,438.77000000000004,,,620.0,0.7076935483870969
377,6.162158054711247,0.04,27.95315336108971,373.82,2027.3500000000001,1212.2299999999975,,,2083.0,0.5819635141622648
378,6.154072948328267,0.04,27.9501590456582,373.82,2024.6899999999998,1491.9199999999967,,,508.0,2.936850393700781
379,6.158267477203648,0.04,27.94491854155404,373.82,2026.07,1794.4999999999968,,,484.0,3.707644628099167
380,5.679361702127659,0.04,23.96237002750846,373.82,1868.51,1460.1599999999964,,,328.0,4.45170731707316
381,5.678601823708207,0.04,23.962124569678757,373.82,1868.26,,,,327.0,
383,6.112006079027356,0.04,27.47118396433619,362.22,2010.8500000000001,786.7199999999979,,,2066.0,0.38079380445304833
384,8.561392405063291,0.05,14.075940077380016,70.5,676.35,615.6199999999999,,,1022.0,0.6023679060665361
385,48.013333333333335,4.83,119.9387237300781,366.31,432.12,,,,545.0,
386,4.566625386996904,0.04,12.691137346512686,144.82,1475.02,,,,1529.0,
387,58.552666666666674,4.85,134.48621912760464,400.22,878.2900000000001,,,,887.0,
389,6.294316109422492,0.04,28.250782358642397,379.0,2070.83,1841.399999999998,,,2126.0,0.8661335841956717
390,5.705775075987842,0.04,24.20360466422177,379.0,1877.2,,,,332.0,
392,5.490461538461538,0.05,24.372418659048805,362.96,1427.52,1364.2899999999977,,,1881.0,0.7253003721424762
393,5.161596638655462,0.02,16.952891008050397,143.82,614.23,,,,626.0,
396,6.1303039513677815,0.04,27.466686782976964,361.69,2016.8700000000001,1771.9899999999986,,,2071.0,0.8556204732013514
397,6.126899696048632,0.04,27.461398164319647,361.69,2015.75,1705.0899999999972,,,654.0,2.6071712538226257
398,7.32023880597015,0.04,34.814922697857185,403.18,2452.28,1726.8199999999972,,,498.0,3.467510040160637
399,8.78888888888889,0.02,26.234260998906183,145.59,316.40000000000003,159.21,,,328.0,0.48539634146341465
400,8.742777777777778,0.01,26.24457425407731,145.65,314.74,,,,324.0,
401,18.110714285714284,0.01,65.889293086053,404.87,760.65,,,,504.0,
403,6.122553191489361,0.04,27.465259245318588,361.56,2014.32,1759.279999999997,,,2070.0,0.8498937198067619
404,6.122553191489361,0.04,27.465259245318588,361.56,2014.32,1779.4399999999969,,,477.0,3.7304821802934947
405,5.648024316109423,0.04,23.40883491072241,361.56,1858.2,1627.1299999999974,,,329.0,4.9456838905775
406,5.643282674772037,0.04,23.405908172124512,361.56,1856.64,,,,326.0,
407,5.643282674772037,0.04,23.40590817212452,361.56,1856.64,,,,1530.0,
414,6.846666666666667,0.0,12.087904078044298,36.98,61.62,,,,109.0,
416,6.178297872340425,0.04,28.189003588517295,379.59,2032.66,1375.8300000000002,,,2088.0,0.6589224137931036
417,5.786626139817629,0.04,24.37152492770766,382.04,1903.8,,,,3175.0,
418,6.18790273556231,0.04,28.129056393272005,377.77,2035.82,1284.1999999999994,,,4803.0,0.2673745575681864
419,50.12,5.25,125.65294345935554,383.81,451.08,,,,914.0,
420,4.59625386996904,0.04,12.76310907711095,145.04,1484.59,,,,1540.0,
421,9.239939209726444,0.04,75.42560820548302,1338.13,3039.94,,,,3094.0,
423,6.165592705167174,0.04,28.0738642402927,376.9,2028.48,1379.7899999999966,,,2450.0,0.5631795918367333
424,4.354345238095238,0.53,29.760940858217566,378.14,731.53,535.8299999999999,,,1250.0,0.42866399999999993
425,5.548538461538462,0.045,25.305893833661013,379.38,1442.6200000000001,1234.1499999999983,,,1680.0,0.7346130952380943
426,5.987890625,0.04,34.22125657844258,529.08,1532.9,1335.7599999999982,,,1596.0,0.8369423558897232
430,6.156626139817629,0.04,27.566555522941847,364.46,2025.53,1375.8699999999978,,,2090.0,0.658311004784688
434,7.136666666666667,0.0,11.996946486502306,36.77,64.23,,,,90.0,
437,49.511111111111106,6.39,123.45102170946626,377.27,445.59999999999997,,,,1257.0,
438,5.570851063829787,0.04,22.656066783057472,351.0,1832.81,1596.4899999999984,,,4395.0,0.36325142207053435
439,5.752252559726962,0.04,24.6305605441049,367.96,1685.4099999999999,1211.999999999998,,,1860.0,0.6516129032258053
440,5.966153846153846,0.01,10.745042685242918,37.49,77.56,,,,89.0,
441,5.876923076923077,0.0,10.776614638972811,37.56,76.4,,,,87.0,
442,6.2192307692307685,0.0,10.723495591098441,37.16,80.85,,,,92.0,
443,5.754615384615385,0.0,10.70373425132916,37.2,74.81,,,,60.0,
444,5.580212765957446,0.04,22.655431594813543,351.0,1835.8899999999999,,,,316.0,
445,5.572279635258359,0.04,22.653138935451818,351.0,1833.28,,,,61.0,
448,7.345769230769231,0.05,37.291453094822856,443.27,1909.9,1017.6899999999979,,,2032.0,0.5008316929133848
449,6.104398148148148,0.53,27.08430233778345,375.24,1318.55,612.229999999998,,,1443.0,0.42427581427581285
450,2.1476086956521736,1.03,5.828407514457904,36.61,98.78999999999999,,,,109.0,
456,6.8311111111111105,0.0,12.059433490471728,36.89,61.48,,,,88.0,
458,18.735833333333336,0.0,77.93663306294675,382.76,449.66,,,,531.0,
459,6.629452887537995,0.04,29.020572575788098,377.51,2181.09,1347.559999999997,,,,0.6178378700557964
460,6.822796352583586,0.04,30.041396694017145,379.09,2244.7,2013.4999999999968,,,2547.0,0.7905378877110313
461,9.746808510638298,0.04,69.61725366000437,1159.74,3206.7,2965.4600000000037,,,3397.0,0.8729643803355913
462,6.357355623100305,0.04,28.386283101012523,381.25,2091.57,1859.749999999997,,,2621.0,0.7095574208317424
463,10.205045317220543,0.04,78.44981283702724,1338.29,3377.87,3078.520000000003,,,3457.0,0.8905177899913229
466,18.561666666666667,0.0,77.18873074240298,379.07,445.48,,,,736.0,
467,5.826747720364741,0.04,24.28076249832745,382.3,1917.0,1703.1999999999966,,,2115.0,0.8052955082742301
468,6.498472222222222,0.035,18.21914746229194,131.33,467.89,253.58999999999986,,,478.0,0.5305230125523009
469,5.213799392097265,0.04,23.042322881001315,378.35,1715.3400000000001,46.459999999999994,,,1770.0,0.026248587570621467
470,6.874444444444444,0.0,12.170793021729429,37.25,61.87,,,,293.0,
471,6.988888888888889,0.0,12.082499166609162,37.01,62.9,,,,137.0,
472,18.87,0.0,77.8542101846667,382.46,452.88,,,,556.0,
473,18.800416666666667,0.0,77.9390683680509,382.79,451.21000000000004,,,,524.0,
474,5.22015479876161,0.05,19.54451679966749,301.34,1686.11,923.8399999999999,,,1739.0,0.531247843588269
475,31.853333333333335,0.0,99.07556161912444,381.23,764.48,,,,880.0,
476,5.261578947368421,0.05,19.562286229636833,301.41,1699.49,905.7099999999996,,,2376.0,0.3811910774410773
478,18.92125,0.0,77.1859291813408,379.31,454.11,,,,558.0,
479,18.384166666666665,0.0,76.0103852696497,373.33,441.21999999999997,,,,534.0,
482,7.164772036474164,0.04,35.634335422450405,475.73,2357.21,,,,2410.0,
483,5.846474164133738,0.04,24.291848810416667,382.18,1923.49,1274.9899999999977,,,5299.0,0.24060954897150363
485,5.8593009118541035,0.04,24.324512261623735,383.01,1927.71,99.41000000000001,,,2128.0,0.04671522556390978
486,5.805136778115501,0.04,23.95619168773295,375.01,1909.8899999999999,1289.4299999999978,,,2037.0,0.6330044182621491
487,6.6467857142857145,0.04,26.44030587402788,381.18,2233.32,2110.3699999999963,,,2286.0,0.9231714785651777
488,6.921346153846153,0.05,32.411743523884866,373.12,1799.55,807.03,,,2101.0,0.38411708710138026
490,18.72833333333333,0.0,78.01365029201018,383.14,449.47999999999996,,,,534.0,
491,18.986666666666668,0.0,77.66514800406135,381.62,455.68,,,,540.0,
492,7.131666666666666,0.04,29.498419687893108,393.09,2353.45,,,,2407.0,
494,5.80258358662614,0.04,23.99611870952889,376.06,1909.05,1276.5099999999973,,,2078.0,0.6142974013474481
497,5.931185410334346,0.04,23.257079360031664,347.23,1951.36,,,,2006.0,
498,5.999635258358662,0.03,26.826424754529995,344.31,1973.8799999999999,737.7,,,3423.0,0.21551270815074497
503,18.460833333333333,0.0,76.7806216446893,377.06,443.06,,,,525.0,
505,18.734583333333333,0.0,77.42105572377616,380.33,449.63,,,,523.0,
506,18.3025,0.0,75.65989927759388,371.59,439.26,,,,512.0,
507,6.28790273556231,0.04,26.11547379433707,381.71,2068.72,1363.1099999999976,,,2229.0,0.6115343203230137
508,24.584999999999997,0.0,83.12601104975192,392.37,590.04,,,,677.0,
509,19.129166666666666,0.0,79.69718896993886,391.46,459.1,,,,547.0,
510,19.135416666666668,0.0,79.45660166181868,390.27,459.25,,,,543.0,
511,18.930416666666666,0.0,77.18115812414358,379.28,454.33,,,,533.0,
512,18.791249999999998,0.0,77.67037257944907,381.53,450.98999999999995,,,,534.0,
513,6.272413793103448,0.01,14.373295838158745,43.3,181.9,,,,248.0,
514,24.03125,0.0,103.37871138650736,507.93,576.75,,,,647.0,
516,16.993333333333336,8.94,17.88583331392008,37.49,50.980000000000004,,,,61.0,
517,17.456666666666667,9.01,17.465658685928034,37.54,52.37,,,,64.0,
518,24.683333333333334,27.96,14.064246632270544,36.82,74.05,,,,86.0,
523,18.56833333333333,0.0,77.29670321259653,379.6,445.64,,,,531.0,
532,6.754380664652567,0.04,30.971074205107765,377.15,2235.7,1997.0199999999966,,,2486.0,0.8033065164923558
533,18.44333333333333,0.0,76.61053728560063,376.2,442.64,,,,552.0,
534,17.878333333333334,0.0,73.751952644256,362.15,429.08,,,,507.0,
537,19.091666666666665,0.0,79.83388627081516,392.08,458.2,,,,538.0,
538,6.033944954128441,0.53,27.821804730588603,389.39,1315.4,1230.5599999999993,,,1468.0,0.8382561307901902
553,18.569583333333334,0.0,77.18342920146205,379.06,445.67,,,,544.0,
556,17.64,9.1,16.804963552474607,37.0,52.92,46.1,,,83.0,0.555421686746988
559,6.97,0.0,11.961922922339868,36.65,62.73,,,,286.0,
569,5.5112688821752265,0.03,24.27383573758713,382.03,1824.23,528.1899999999999,,,3431.0,0.15394637132031477
570,6.927777777777778,0.0,11.985409648587087,36.75,62.35,,,,93.0,
571,6.925514018691589,0.54,39.4131150768812,374.97,741.0300000000001,549.5400000000001,,,865.0,0.635306358381503
572,19.344583333333333,0.0,77.32006950103528,379.99,464.27,,,,545.0,
574,6.954444444444444,0.0,12.037651464375342,36.86,62.59,,,,345.0,
576,5.9708459214501515,0.04,24.31968497871768,372.98,1976.3500000000001,,,,2444.0,
577,33.09111111111111,8.98,70.53627372573001,218.67,297.82,,,,307.0,
578,13.656666666666666,6.27,18.816138684650475,53.64,122.91,68.75,,,331.0,0.20770392749244712
581,13.571111111111112,6.03,19.032857407943535,54.03,122.14,37.09,,,155.0,0.23929032258064517
583,25.020833333333332,0.0,108.70549019840423,534.02,600.5,,,,985.0,
584,7.017777777777778,0.0,12.235513656747086,37.49,63.160000000000004,,,,649.0,
585,14.91111111111111,6.2,22.349017005477243,65.74,134.2,71.94,,,221.0,0.3255203619909502
586,14.33111111111111,6.23,21.000061573983803,60.85,128.98,71.73,,,160.0,0.4483125
589,18.610833333333336,0.0,77.3709795003306,380.01,446.66,,,,595.0,
591,5.194668674698796,0.03,22.134711121805584,361.12,1724.63,431.95000000000005,,,1780.0,0.24266853932584273
592,5.171596385542169,0.03,22.608216179822385,372.1,1716.97,429.97,,,1772.0,0.2426467268623025
593,7.041882352941176,0.53,41.3151143937294,375.0,598.56,71.85000000000001,,,670.0,0.10723880597014927
596,20.84375,0.0,85.21640895327204,418.88,500.25,,,,678.0,
598,17.066666666666666,8.92,17.56884268622533,37.23,51.199999999999996,,,,125.0,
599,6.322339449541285,0.53,27.802958724865842,375.67,1378.27,169.24,,,1547.0,0.10939883645765999
600,49.71,8.92,121.8017477296611,373.04,447.39,,,,614.0,
601,5.251694915254237,0.02,23.852068091038383,372.81,1549.25,45.8,,,1625.0,0.028184615384615384
602,17.066666666666666,8.91,17.56774411622999,37.23,51.199999999999996,,,,130.0,
603,19.376666666666665,12.07,15.473038917204768,37.15,58.129999999999995,,,,150.0,
604,21.24,17.98,14.20341860257593,36.79,63.72,,,,149.0,
605,26.153333333333336,32.74,15.089699577305485,36.83,78.46000000000001,,,,170.0,
606,9.98388888888889,0.015,17.378334428717267,42.95,179.71,,,,233.0,
608,17.12,8.92,17.450318048677506,37.16,51.36,,,,210.0,
610,7.228136094674556,0.04,28.069723888669994,373.05,2443.11,2264.8699999999985,,,2498.0,0.9066733386709361
611,5.032,0.0,11.676133111798803,37.19,50.32,,,,148.0,
612,35.35375,0.67,80.1926253363321,262.52,565.66,,,,574.0,
613,18.683333333333334,0.0,76.55276802803164,376.14,448.4,,,,545.0,
615,2.8999009900990096,0.55,10.48429639938222,69.38,292.89,69.39,,,396.0,0.17522727272727273
616,5.72803738317757,0.54,36.65596547088022,372.96,612.9,59.550000000000004,,,738.0,0.08069105691056912
617,8.308192771084336,0.03,61.666957408315355,1050.08,2758.3199999999997,423.9,,,2811.0,0.15080042689434364
618,24.462222222222223,8.93,35.30672767964265,104.22,220.16,62.53,,,350.0,0.17865714285714285
619,6.726957831325301,0.04,29.67675681315021,365.98,2233.35,,,,2287.0,
620,21.250625,0.615,49.14808961614547,195.63,340.01,,,,350.0,
621,6.560180722891566,0.04,28.00257174147448,373.08,2177.98,,,,2233.0,
622,21.888749999999998,0.665,54.24353944634021,213.88,350.21999999999997,,,,360.0,
623,9.850648854961833,0.05,73.46416113209042,1125.18,2580.87,2580.860000000001,,,2865.0,0.9008237347294943
624,4.632592592592593,0.02,13.43496019405317,70.68,250.16,230.06,,,260.0,0.8848461538461538
625,4.6049999999999995,0.025,13.420710797192777,70.54,248.67,222.79000000000002,,,258.0,0.8635271317829458
626,4.6412962962962965,0.015,13.470315938962148,70.85,250.63,188.97999999999996,,,261.0,0.7240613026819922
627,4.6738888888888885,0.02,13.43487287321681,70.51,252.39,,,,264.0,
628,6.704909638554217,0.04,30.624561549227852,480.03,2226.03,,,,2283.0,
629,20.18875,0.64,51.858140971307485,207.5,323.02,,,,332.0,
630,6.466204819277109,0.04,26.955908377000043,375.12,2146.78,,,,2201.0,
631,24.885,0.675,57.75399310870202,210.63,398.16,,,,408.0,
632,7.869668674698795,0.04,44.6394766109027,694.3,2612.73,653.3099999999977,,,2668.0,0.24486881559220303
633,3.033142857142857,0.02,7.949530027646633,49.6,212.32,84.63000000000001,,,222.0,0.38121621621621626
634,9.277981927710844,0.04,53.39204779004244,771.2,3080.29,,,,3136.0,
636,12.539230769230768,0.03,50.3472532626052,327.45,978.06,698.6899999999998,,,989.0,0.7064610717896864
637,2.376923076923077,0.0,8.882897865782716,50.94,92.7,18.169999999999998,,,100.0,0.18169999999999997
638,4.04125,1.2,7.199475055268168,21.1,32.33,,,,301.0,
639,24.231428571428573,1.205,68.5657123166857,260.19,339.24,265.09,,,354.0,0.7488418079096044
640,31.442857142857143,1.205,69.7522619901839,260.19,440.2,286.67,,,259.0,1.106833976833977
641,31.442857142857143,1.205,69.7522619901839,260.19,440.2,367.97999999999996,,,131.0,2.809007633587786
642,17.108461538461537,0.02,67.38496714801056,345.15,444.81999999999994,393.36999999999995,,,456.0,0.8626535087719297
643,8.579166666666666,0.08,30.24637654186326,301.24,1441.3,200.2,,,1471.0,0.13609789259007476
644,9.274940476190476,0.065,35.82558282048701,316.22,1558.19,880.34,,,1586.0,0.5550693568726356
645,7.51,0.08,25.945126583253607,255.4,1149.03,876.9799999999997,,,1178.0,0.7444651952461797
646,3.986666666666667,0.02,8.611388583343185,36.59,83.72,15.33,,,95.0,0.16136842105263158
647,1.835,1.835,2.5950818869546293,3.67,3.67,,,,47.0,
648,5.8868707482993194,0.03,17.488038957500926,157.21,865.37,380.77000000000004,,,892.0,0.42687219730941706
649,5.749620253164556,0.0,21.17813400916979,157.03,454.21999999999997,384.13,,,482.0,0.7969502074688797
650,5.749620253164556,0.0,21.178134009169785,157.03,454.21999999999997,165.31,,,63.0,2.623968253968254
651,6.532469135802469,0.03,18.503374413142982,157.03,1058.26,379.63,,,667.0,0.5691604197901049
652,6.567283950617284,0.025,18.491086522322426,156.99,1063.9,379.18,,,1074.0,0.35305400372439477
653,6.605897435897436,0.02,18.78810755879968,156.99,1030.52,309.15000000000003,,,45.0,6.870000000000001
654,6.605897435897436,0.02,18.788107558799688,156.99,1030.52,290.84000000000003,,,255.0,1.1405490196078432
655,35.59875,2.465,88.44947184490621,253.79,284.79,,,,294.0,
656,5.8999319727891155,0.03,17.484362621974824,157.26,867.29,375.51,,,893.0,0.4205039193729003
657,5.832380952380952,0.04,16.555355725454735,139.58,857.36,357.02000000000004,,,885.0,0.4034124293785311
658,5.832380952380952,0.04,16.555355725454742,139.58,857.36,418.28,,,45.0,9.29511111111111
659,5.832380952380952,0.04,16.55535572545474,139.58,857.36,345.8,,,165.0,2.0957575757575757
660,5.839795918367346,0.04,16.55801471577823,139.58,858.4499999999999,,,,329.0,
661,6.849019607843138,0.53,12.039732860248451,55.06,698.6,,,,751.0,
662,1.435,1.435,2.0293964620053915,2.87,2.87,,,,46.0,
663,5.886326530612244,0.03,17.462522808905685,156.98,865.29,381.02,,,891.0,0.42763187429854094
664,1.63,1.63,2.3051681066681446,3.26,3.26,,,,52.0,
665,1.63,1.63,2.3051681066681446,3.26,3.26,,,,45.0,
666,5.988299319727891,0.03,17.02858448473124,140.22,880.28,363.64,,,908.0,0.40048458149779737
667,7.949591836734693,0.03,28.640198516510633,285.6,1168.59,629.1,,,595.0,1.0573109243697478
668,6.3119727891156465,0.03,17.246675146696916,138.76,927.86,57.83,,,355.0,0.16290140845070422
669,6.020204081632653,0.03,17.076387024007207,139.66,884.97,,,,330.0,
674,6.600841121495327,0.03,18.670574119857307,157.06,706.29,222.32,,,65.0,3.4203076923076923
675,5.765102040816327,0.03,17.36197910122674,157.14,847.47,384.28000000000003,,,875.0,0.4391771428571429
676,5.784489795918367,0.03,16.482404615087056,139.67,850.32,365.87,,,878.0,0.4167084282460137
678,1.835,1.835,2.5950818869546293,3.67,3.67,,,,195.0,
679,1.835,1.835,2.5950818869546293,3.67,3.67,,,,47.0,
680,5.935238095238096,0.03,16.853721402531708,139.13,872.48,160.64999999999998,,,880.0,0.18255681818181815
681,5.935238095238096,0.03,16.8537214025317,139.13,872.48,140.28,,,44.0,3.188181818181818
682,5.759183673469388,0.04,16.46736292776716,139.62,846.6,,,,873.0,
683,5.759183673469388,0.04,16.467362927767155,139.62,846.6,,,,217.0,
684,5.759183673469388,0.04,16.46736292776715,139.62,846.6,,,,501.0,
685,5.771224489795919,0.04,16.46600811210444,139.62,848.37,,,,14.0,
686,1.73,1.73,2.4465894629054543,3.46,3.46,,,,49.0,
687,5.871292517006803,0.03,17.449832603982152,156.94,863.08,382.26,,,889.0,0.42998875140607423
688,6.203888888888889,0.04,17.332428847439495,139.75,1005.03,,,,1033.0,
689,6.203888888888889,0.04,17.332428847439495,139.75,1005.03,,,,131.0,
690,22.17977011494253,0.04,185.9911873229389,2430.69,3859.28,326.47,,,2897.0,0.11269244045564378
699,9.538620689655172,0.04,35.507946148784825,337.54,1659.72,,,,136.0,
700,9.538620689655172,0.04,35.507946148784825,337.54,1659.72,,,,86.0,
703,6.983537414965986,0.09,27.362076014793608,301.55,1026.58,144.60999999999996,,,1055.0,0.13707109004739332
704,5.635316455696202,0.0,20.183034817634685,145.84,445.19,,,,474.0,
705,7.607721518987342,0.0,35.66684641517252,301.25,601.01,507.68,,,629.0,0.8071224165341813
706,5.2187341772151905,0.0,19.795806559761825,146.21,412.28000000000003,,,,440.0,
707,6.5008641975308645,0.06,17.88990701936618,146.05,1053.14,290.31,,,1082.0,0.2683086876155268
708,8.012564102564102,0.0,25.44832759658064,145.81,312.49,,,,340.0,
709,8.012564102564102,0.0,25.448327596580647,145.81,312.49,,,,342.0,
710,5.6452447552447556,0.09,16.783974030921836,145.81,807.27,,,,586.0,
711,5.6452447552447556,0.09,16.783974030921843,145.81,807.27,,,,739.0,
712,4.945487012987013,0.04,19.431674386652485,301.34,1523.21,1282.749999999999,,,1535.0,0.8356677524429962
713,14.2975,2.29,26.883523233173353,77.08,114.38,81.66,,,142.0,0.5750704225352112
714,14.2975,2.29,26.883523233173353,77.08,114.38,114.38,,,79.0,1.4478481012658226
715,14.2975,2.29,26.88352323317335,77.08,114.38,4.58,,,581.0,0.007882960413080895
716,14.2975,2.29,26.88352323317335,77.08,114.38,4.58,,,81.0,0.05654320987654321
717,14.2975,2.29,26.883523233173353,77.08,114.38,114.38,,,91.0,1.2569230769230768
718,14.2975,2.29,26.88352323317335,77.08,114.38,11.02,,,83.0,0.13277108433734938
719,4.583622291021672,0.04,12.728144129735796,145.36,1480.51,1218.3799999999992,,,1533.0,0.7947684279191123
720,6.508888888888889,0.07,17.90349086332516,145.78,1054.44,638.75,,,1082.0,0.5903419593345656
721,6.5065432098765426,0.07,17.89770554436461,145.78,1054.06,,,,228.0,
728,2.423968253968254,0.14,14.561196282301706,207.81,1068.97,,,,1093.0,
730,4.551428571428572,5.27,3.802483524274754,9.47,31.86,,,,400.0,
731,1.2238548752834468,0.14,2.6829277794603494,23.25,539.72,,,,563.0,
732,2.421315192743764,0.14,14.504910801423293,205.45,1067.8,,,,1091.0,
734,2.4212925170068025,0.14,14.523231449463786,209.62,1067.79,,,,1091.0,
738,39.38075471698113,0.41,95.37146341560893,300.89,2087.18,,,,2485.0,
739,37.19804347826087,0.41,90.5832626042322,300.84,5133.33,,,,5334.0,
740,37.19804347826087,0.41,90.58326260423222,300.84,5133.33,,,,48.0,
741,37.19528985507246,0.41,90.58426685545449,300.84,5132.95,,,,203.0,
742,37.19485507246377,0.41,90.58442647636423,300.84,5132.89,,,,13.0,
743,37.19652173913043,0.41,90.58381615861185,300.84,5133.12,,,,202.0,
744,37.19652173913043,0.41,90.58381615861185,300.84,5133.12,,,,149.0,
745,37.19934782608696,0.41,90.58279093426178,300.84,5133.51,,,,13.0,
746,37.1954347826087,0.41,90.5842137124189,300.84,5132.97,,,,13.0,
748,80.0104761904762,60.88,78.833455238001,323.44,1680.22,1351.1,,,1687.0,0.8008891523414344
749,62.318536585365855,43.03,77.90555017330202,323.44,2555.06,2197.4300000000003,,,1572.0,1.3978562340966922
752,37.375942028985506,0.29,90.62228208167151,300.63,5157.88,,,,5354.0,
755,6.530689655172415,0.01,14.455064098052894,42.95,189.39000000000001,189.22999999999996,,,258.0,0.7334496124031006
756,4.701384615384615,0.04,12.614689345142585,131.41,1527.95,188.45999999999998,,,1658.0,0.1136670687575392
757,16.62,9.04,17.68357147184923,36.83,49.86,,,,82.0,
758,5.646797583081572,0.04,18.268585721366154,213.93,1869.0900000000001,1037.4599999999996,,,1922.0,0.5397814776274712
759,51.556666666666665,8.96,123.4259979704438,379.05,464.01,,,,1051.0,
761,9.162598187311179,0.04,72.62052039416871,1291.02,3032.82,,,,3086.0,
762,5.091296296296297,0.02,13.876826760085317,70.76,274.93,213.36,,,286.0,0.746013986013986
763,4.658888888888889,0.015,13.420687447829454,70.51,251.58,251.55999999999997,,,261.0,0.963831417624521
764,4.6651851851851855,0.01,13.426784515210244,70.37,251.92000000000002,,,,262.0,
765,26.29,0.615,58.57117607378793,206.5,420.64,,,,431.0,
766,7.0744,0.02,15.04002412453739,42.15,176.85999999999999,,,,229.0,
767,5.700816326530612,0.03,17.348192180506487,157.04,838.02,215.66000000000003,,,874.0,0.24675057208237988
768,6.248163265306123,0.03,18.541287398239657,157.06,918.48,456.97,,,955.0,0.47850261780104714
769,6.600841121495327,0.03,18.670574119857314,157.06,706.29,224.03,,,51.0,4.3927450980392155
770,6.600841121495327,0.03,18.670574119857307,157.06,706.29,224.38,,,121.0,1.8543801652892562
771,6.440864197530865,0.03,18.45982309811611,157.27,1043.42,156.54000000000002,,,1071.0,0.14616246498599442
