stepName,rows,mean_norm_residual,median_norm_residual,mean_margin_rel,median_margin_rel
BC1 Electronic Pressure Switch OFF - Brake Applied,2114,,,,
BC2 Electronic Pressure Switch OFF - Brake Applied,2114,,,,
Link Status,1596,,,,
Check Warning Counter,1592,-0.039233038348082595,-0.48333333333333334,0.5437315634218289,0.25833333333333336
Check TX Counter,1592,-0.10728637937587095,-0.07983193277310924,0.41586759075489493,0.42016806722689076
Check RX Counter,1592,-0.3090825285338016,-0.3,0.23266754462979222,0.23
Check Error Counter,1592,-0.10853613569321534,-0.09166666666666666,0.3910951327433628,0.4083333333333333
LCU2 Code Id,1276,-0.48389798115503446,-0.5,1.085778858897981,1.0
LCU1 Code Id,1276,-0.49747078939868905,-0.5,1.0993516671416357,1.0
BCU Command to SerBmax,1207,,,,
BC2 Pressure at SerbMax,1207,-0.25520712510356325,-0.12,0.20733637116818524,0.3699999999999989
BC1 Pressure at SerbMax,1207,-0.224212924606463,-0.10499999999999944,0.22394780447390192,0.37500000000000056
MJF2 Signal,1014,,,,
MJF1 Signal,1014,,,,
BC1 Electronic Pressure Switch ON - Brake Released,881,,,,
BC1 Pressure RR1 Active,652,0.33228911042944786,0.495,1.140019171779141,0.995
BC2 Pressure RR2 Active,652,0.497795245398773,0.5,0.997795245398773,1.0
BC2 Electronic Pressure Switch  ON - Brake Released,652,,,,
BC2 Pressure,566,-0.1358812949640293,-0.08,0.22951438848920847,0.3899999999999989
BC1 Pressure,566,-0.10191546762589974,-0.05000000000000111,0.23750899280575524,0.3899999999999989
BC1 Pressure Switch downhill threshold,559,-0.004077916915126464,0.12000000000000006,0.008990657920889914,0.2960000000000001
Safety Loop Closed,555,,,,
Initial Setup,518,,,,
Test Application Name,414,,,,
Start Programming,414,,,,
Power ON Vbat,413,,,,
Test Application CRC32,413,,,,
Test Application Release,413,,,,
Power ON,401,,,,
Battery Voltage,401,-0.010877500000000939,-0.014000000000002899,0.487169999999999,0.4859999999999971
EMG Monitoring,401,,,,
Inrush Current,401,-0.23431763448521553,-0.26488000000000006,0.24537296758104737,0.2338114285714286
Flash Test Application,395,,,,
TBC1 at 0 Bar,357,-0.4771988795518208,-0.5,0.0019607843137254906,0.0
TA at 0.5 Bar,357,0.06635854341736702,0.07000000000000008,0.39322128851540605,0.4149999999999999
TBC1 Mflexx - TBC1 bench at 0.5 Bar,357,-0.33319327731092435,-0.37000000000000005,0.14820728291316526,0.12999999999999998
TLP2 at 0 Bar,357,-0.4817366946778711,-0.5,0.009523809523809525,0.0
TSP2 Mflexx - TSP2 bench at 0.5 Bar,357,-0.3175070028011205,-0.32,0.18047619047619046,0.17999999999999997
TSP1 at 0 Bar,357,-0.49176470588235294,-0.5,0.00823529411764706,0.0
TLP2 at 0.5 Bar,357,0.0599019607843138,0.08500000000000009,0.38995798319327724,0.4149999999999999
TSP1 at 0.5 Bar,357,0.026974789915966444,0.04000000000000004,0.39829131652661054,0.42999999999999994
TPL at 0 Bar,357,-0.48162464985994397,-0.5,0.01579831932773109,0.0
TSP1 Mflexx - TSP1 bench at 0.5 Bar,357,-0.3026610644257703,-0.33,0.16859943977591035,0.17
TA Mflexx - TA bench at 6 Bar,357,-0.3083473389355742,-0.35000000000000003,0.16873949579831932,0.15
TPL at 0.5 Bar,357,0.05128851540616254,0.07000000000000008,0.3965546218487394,0.42999999999999994
TSP2 at 0.5 Bar,357,0.030182072829131698,0.02500000000000003,0.4166526610644257,0.44499999999999995
TA Mflexx - TA bench at 0.5 Bar,357,-0.31756302521008406,-0.38000000000000006,0.16478991596638656,0.12
TSP2 at 0 Bar,357,-0.4988235294117647,-0.5,0.001176470588235294,0.0
TLP1 at 0.5 Bar,357,0.055294117647058896,0.07000000000000008,0.39661064425770304,0.42999999999999994
TLP1 Mflexx - TLP1 bench at 0.5 Bar,357,-0.3124929971988796,-0.34,0.17450980392156862,0.16
TBC2 at 0.5 Bar,357,-0.2285714285714286,-0.21999999999999997,0.27142857142857135,0.28
TPL Mflexx - TPL bench at 0.5 Bar,357,-0.3147619047619048,-0.35000000000000003,0.1772829131652661,0.15
TLP1 at 0 Bar,357,-0.4853781512605042,-0.5,0.007899159663865545,0.0
TBC2 at 0 Bar,357,-0.4775350140056022,-0.5,0.007675070028011205,0.0
TBC1 at 0.5 Bar,357,-0.2535574229691877,-0.25,0.2413165266106442,0.25
TBC2 Mflexx - TBC2 bench at 0.5 Bar,357,-0.3338935574229692,-0.39000000000000007,0.15215686274509804,0.10999999999999999
TLP2 Mflexx - TLP2 bench at 0.5 Bar,357,-0.3335854341736695,-0.39999999999999997,0.15050420168067227,0.09999999999999999
TA at 0 Bar,356,-0.4676404494382022,-0.5,0.02314606741573034,0.0
TA at 6 Bar,355,0.02683098591549284,0.20500000000000257,0.13159154929577357,0.29499999999999743
Init And Link Stability,342,,,,
Init And Link Stability 100m Line,342,,,,
BC2 Teq,339,-0.29742941424357355,-0.3114285714285715,0.20257058575642647,0.18857142857142858
BC2 Pressure at MGDBoost,339,0.32764437689969605,0.2900000000000002,0.16034954407294844,0.20999999999999983
TLP_MED Apply,339,,,,
TPL Pressure,339,0.013677811550152083,0.03000000000000111,0.2630395136778116,0.42
BC2 Brake Released,339,-0.4925368731563422,-0.5,0.007463126843657817,0.0
BC1 Brake Released,339,-0.4866961651917404,-0.5,0.013303834808259586,0.0
BC1 Pressure at MGDBoost,339,0.3495592705167174,0.3100000000000011,0.15044072948328263,0.1900000000000011
BC1 Teq,339,-0.23886641382216608,-0.24285714285714294,0.261133586177834,0.2571428571428572
BC1 Pressure at MGDMin,339,0.3688297872340427,0.4650000000000022,0.0787993920972645,0.03000000000000111
TLP1 Measure,339,-0.38436578171091473,0.25500000000000167,-0.39315634218289214,0.22999999999999768
TLP2 Measure,339,-0.4036873156342185,0.23500000000000276,-0.3809734513274348,0.2449999999999983
Start Braketest,339,,,,
SerB_MED calculation,339,-0.35259587020648936,0.11500000000000056,-0.14047197640117962,0.37500000000000056
TPL Pressure Drop 30 sec,339,-0.1311522302672745,-0.3181818181818182,0.09043532671851255,0.09090909090909084
TPL Pressure at MGDMin,339,-2.1281914893617,-0.21,-1.7328723404255308,0.22999999999999915
BC2 Pressure at MGDMin,339,0.3445592705167175,0.43000000000000094,0.1018844984802432,0.06999999999999897
LCU1 State,339,,,,
BrakeTest Result,339,,,,
MJF2 Signal after braketest,339,,,,
MJF2 Signal before braketest,339,,,,
MJF1 Signal after braketest,339,,,,
"LOAD OFF, UNLOAD OFF",339,,,,
MJF1 Signal before braketest,339,,,,
LCU2 State,339,,,,
TPL Pressure at MGDBoost,339,-4.564012158054727,-0.1600000000000007,-4.086504559270533,0.3399999999999993
Test Base Arranged to FT0106512-106,338,,,,
Test Base Arranged to FT0106512-111,338,,,,
Test Base Arranged to FT0106512-109,338,,,,
BC1 Pressure Switch upward threshold,336,0.019583333333333404,0.0050000000000000044,0.3393750000000001,0.4500000000000001
BC2 Pressure Switch upward threshold,336,-0.06476190476190469,0.025000000000000022,0.36553571428571435,0.4300000000000001
Trel BC2 release time,326,-0.22648006134969345,-0.2262500000000002,0.23459355828220857,0.27249999999999996
"EVF, EVS  Activation",326,,,,
BC2 Pressure at SerbMin,326,-0.18904907975460067,-0.10499999999999944,0.27239263803681024,0.38
BC1 Pressure at SerbMin,326,-0.14345092024539824,-0.06,0.2861196319018409,0.4
Trel BC1 release time,326,-0.23515337423312904,-0.2500000000000002,0.18880368098159503,0.24999999999999994
"BC2 Pressure EVF, EVS Active",326,-0.49787576687116564,-0.5,0.002124233128834356,0.0
Teq BC1 apply time,326,-0.35259372869802325,-0.3944444444444445,0.10892638036809818,0.1055555555555556
RR1 & RR2 External Activation,326,,,,
BCU Command to SerBmin,326,,,,
Teq BC2 apply time,326,-0.1474676209952284,-0.16111111111111115,0.30171438309475124,0.3388888888888889
RR1 & RR2 Internal Activation,326,,,,
"BC1 Pressure EVF, EVS Active",326,-0.49418711656441716,-0.495,0.005812883435582822,0.005
Cable & automatic valves setup,301,,,,
"TBC1 Mflexx - TBC1 bench at 3,85 Bar",267,-0.31722846441947566,-0.36000000000000004,0.1707865168539326,0.13999999999999999
"TPL Mflexx - TPL bench at 3,85 Bar",267,-0.30812734082397003,-0.34,0.1890262172284644,0.16
"TBC2 Mflexx - TBC2 bench at 3,85 Bar",267,-0.29651685393258426,-0.34,0.18131086142322095,0.15
"TSP2 at 5,45 Bar",255,0.15715686274510132,0.1800000000000022,0.3179411764705877,0.3100000000000011
"TLP1 at 5,45 Bar",255,0.22292156862745385,0.3000000000000022,0.2513529411764704,0.2
"TBC2 at 3,85  Bar",255,0.1142901960784307,0.06999999999999934,0.3422509803921572,0.36500000000000166
"TBC1 at 3,85  Bar",255,0.05278039215686202,0.02999999999999889,0.37321176470588263,0.3950000000000006
"TPL at 3,85  Bar",255,-0.4158333333333336,-0.431666666666667,0.07389215686274507,0.06833333333333322
"TLP2 at 5,45 Bar",255,0.19607843137255226,0.24000000000000443,0.2783529411764698,0.2599999999999978
"TSP1 at 5,45 Bar",255,0.14743137254902294,0.19500000000000278,0.29484313725490147,0.28999999999999887
BC1 After Monostable Intervention,229,-0.2062663755458518,0.055000000000000555,-0.0645196506550213,0.3250000000000017
WSP FILL & VENT Activation,229,,,,
Wait 12 sec,229,,,,
BC1 WSP FILL & VENT Active,229,-0.49132096069868997,-0.49,0.008679039301310042,0.01
BC2 WSP FILL & VENT Active,229,-0.4970633187772926,-0.5,0.0029366812227074237,0.0
BC2 After Monostable Intervention,229,-0.20550218340611362,0.0699999999999989,-0.1071615720524011,0.32
BC2 Electronic Pressure Switch ON - Brake Released,229,,,,
Check Ping to UUT address 192.168.67.60,228,,,,
Read LCU2 Fault,227,,,,
VPL Pressure Reg,227,,,,
AR Pressure After Discharge,227,-0.4996035242290749,-0.5,0.00039647577092511013,0.0
VPL Pressure After Discharge,227,0.23112334801762058,0.294999999999999,0.2028120411160056,0.20000000000000046
BC1 Pressure After Discharge,227,-0.47656387665198235,-0.48,0.02343612334801762,0.02
BC2 Pressure After Discharge,227,-0.4877533039647577,-0.5,0.01224669603524229,0.0
Read LCU1 Fault,227,,,,
VPL Pressure,227,0.009926578560938721,0.09999999999999792,0.27193832599118917,0.3599999999999986
EVF Activation,227,,,,
Power On,217,,,,
ETH Analyser setup,217,,,,
BC1 Pressure at VPL = 2.7,194,0.024845360824742018,0.004999999999999445,0.3771134020618559,0.40499999999999947
BC1 and BC2 to 3.85 Bar,194,,,,
BC2 Pressure at VPL = 2.7,194,0.023865979381442984,0.0024999999999997225,0.37670103092783547,0.40499999999999947
"TLP2 Mflexx - TLP2 bench at 5,45 Bar",151,-0.2950993377483444,-0.31,0.19708609271523178,0.18999999999999997
"TSP2 Mflexx - TSP2 bench at 5,45 Bar",151,-0.33026490066225167,-0.36000000000000004,0.16920529801324502,0.13999999999999999
"TLP1 Mflexx - TLP1 bench at 5,45 Bar",151,-0.261523178807947,-0.22,0.22788079470198674,0.27999999999999997
"TSP1 Mflexx - TSP1 bench at 5,45 Bar",151,-0.2606622516556292,-0.3,0.23258278145695363,0.19999999999999998
Check Monitoring Vdigital,139,0.36553956834532436,0.42750000000000077,0.01575539568345317,0.0724999999999998
Check Monitoring Vanalog,139,0.33501798561150997,0.42499999999999943,-0.013075539568344388,0.07500000000000055
Check Monitoring 15V_iso,139,0.3618968824940048,0.3736666666666662,0.0661606714628297,0.12633333333333377
LCU2 Code ID,118,-0.5823244552058111,-0.5,1.082324455205811,1.0
LCU1 Code ID,118,-0.5823244552058111,-0.5,1.082324455205811,1.0
Start and Stop Communication on CAN-OUT,118,,,,
Start and Stop Communication on CAN-IN,118,,,,
"TSP2 Mflexx - TSP2 bench at 4,50 Bar",116,-0.29517241379310344,-0.28,0.20482758620689653,0.21999999999999997
"TSP1 Mflexx - TSP1 bench at 4,50 Bar",116,0.1468103448275862,-0.37000000000000005,-0.3228448275862069,0.12999999999999998
"TLP2 Mflexx - TLP2 bench at 4,50 Bar",116,-0.2899137931034483,-0.34,0.1997413793103448,0.16
Check SAF_Loop1 = On,116,,,,
Check RR2 = On,116,,,,
Check RR2 = Off,116,,,,
Check SAF_Loop1 = Off,116,,,,
Check SAF_Loop2 = On,116,,,,
Check SAF_Loop2 = Off,116,,,,
Check DigIn2d = Off,116,,,,
Check DigIn2d = On,116,,,,
Check DigIn2c = Off,116,,,,
Check DigIn2c = On,116,,,,
Check DigIn1d = On,116,,,,
Check PARK_ON = Off,116,,,,
Check PARK_ON = On,116,,,,
Check PWM1 = Off,116,,,,
Check PWM1 = On,116,,,,
"TLP1 Mflexx - TLP1 bench at 4,50 Bar",116,-0.31060344827586206,-0.35000000000000003,0.17905172413793102,0.15
Check PWM2 = On,116,,,,
Check RR1 = On,116,,,,
Check RR1 = Off,116,,,,
Check DigIn2b = On,116,,,,
Check DigIn2a = Off,116,,,,
Check DigIn2a = On,116,,,,
Check DigIn2b = Off,116,,,,
Check DigIn1d = Off,116,,,,
Check DigIn1c = On,116,,,,
Check PWM2 = Off,116,,,,
Check DigIn1b = On,116,,,,
Check DigIn1c = Off,116,,,,
Check DigIn1b = Off,116,,,,
Check DigIn1a = On,116,,,,
Check DigIn1a = Off,116,,,,
Check DO_Spare3 = On,115,,,,
Check DO_Spare3 = Off,115,,,,
Check DO_Spare2 = On,115,,,,
Check DO_Spare2 = Off,115,,,,
Check DO_Spare1 = On,115,,,,
Check DO_Spare1 = Off,115,,,,
Check RL_Spare2 = On,115,,,,
Check RL_Spare2 = Off,115,,,,
Check RL_Spare1 = On,115,,,,
Check RL_Spare1 = Off,115,,,,
Check SPEED1 = 100Hz,115,0.009999999999999431,0.009999999999999431,0.49000000000000055,0.49000000000000055
Check SPEED frequences,115,,,,
Check SPEED diagnostic,115,,,,
Check SPEED2 Diag = 8mA,115,,,,
Check SPEED1 Diag = 0mA,115,,,,
Check SPEED1 = 500Hz,115,0.05,0.05,0.45,0.45
Check SPEED1 = 3000Hz,115,0.06,0.06,0.44,0.44
Check SPEED1 = 1500Hz,115,0.037000000000000456,0.037000000000000456,0.4629999999999995,0.4629999999999995
PWM Used as Digital Inputs on FT0109253-102,115,,,,
Check AI_SPARE2 = 4mA,115,0.1426086956521739,0.0,0.3573913043478261,0.5
Check AI_SPARE2 = 12mA,115,0.27130434782608626,0.1999999999999993,0.22869565217391377,0.3000000000000007
Check AI_SPARE1 = 12mA,115,0.27130434782608626,0.1999999999999993,0.22869565217391377,0.3000000000000007
Check AI_SPARE1 = 19mA,115,0.3321739130434785,0.3000000000000007,0.16782608695652154,0.1999999999999993
Check AI_SPARE1 = 4mA,115,0.1426086956521739,0.0,0.3573913043478261,0.5
Check AI_SPARE2 = 19mA,115,0.4052173913043465,0.3999999999999986,0.09478260869565353,0.10000000000000142
Check +15V_iso_a2 = 15V,115,-0.13043478260869518,-0.09999999999999964,0.3695652173913048,0.40000000000000036
Check +15V_iso_s1 = 15V,115,-0.1426086956521734,-0.09999999999999964,0.35739130434782657,0.40000000000000036
Check +15V_iso_s2 = 15V,115,-0.1347826086956517,-0.09999999999999964,0.3652173913043483,0.40000000000000036
Check +15V_iso_a1 = 15V,115,-0.1330434782608691,-0.09999999999999964,0.3669565217391309,0.40000000000000036
Check SPEED1 Diag = 12mA,115,,,,
Check SPEED1 Diag = 20mA,115,,,,
Check SPEED1 Diag = 16mA,115,,,,
Check SPEED1 Diag = 8mA,115,,,,
Check Ambient Temperature,115,8.284596273291925,0.17142857142857143,-7.784596273291926,0.32857142857142857
Check SPEED2 Diag = 12mA,115,,,,
Check SPEED2 Diag = 0mA,115,,,,
Check SPEED2 = 500Hz,115,0.05,0.05,0.45,0.45
Check SPEED2 = 3000Hz,115,0.06,0.06,0.44,0.44
Check SPEED2 = 1500Hz,115,0.037000000000000456,0.037000000000000456,0.4629999999999995,0.4629999999999995
Check SPEED2 = 100Hz,115,0.009999999999999431,0.009999999999999431,0.49000000000000055,0.49000000000000055
Check SPEED2 Diag = 20mA,115,,,,
Check SPEED2 Diag = 16mA,115,,,,
SNR Measurement at 100 Mbit/sec on PAIR3 100m Line,114,,,,
SNR Measurement at 100 Mbit/sec on PAIR3,114,,,,
SNR Measurement at 100 Mbit/sec on PAIR2 100m Line,114,,,,
PSD Measurement PAIR3 [1:30Mhz] 100m Line,114,,,,
PSD Measurement PAIR3 [1:30Mhz],114,,,,
PSD Measurement PAIR2 [30:100Mhz] 100m Line,114,,,,
PSD Measurement PAIR2 [30:100Mhz],114,,,,
PSD Measurement PAIR3 [30:100Mhz] 100m Line,114,,,,
SNR Measurement at 100 Mbit/sec on PAIR2,114,,,,
TX POWER PAIR2 @ 100Mbs,114,,,,
TX POWER PAIR2 @ 100Mbs 100m Line,114,,,,
PSD Measurement PAIR3 [30:100Mhz],114,,,,
PSD Measurement PAIR2 [1:30Mhz],114,,,,
PSD Measurement PAIR2 [1:30Mhz] 100m Line,114,,,,
Check Communication without termination on IN2 Line,113,,,,
Check Communication without termination on OUT2 Line,113,,,,
Check Communication without termination on OUT1 Line,113,,,,
BC2 Pressure Switch downhill threshold,113,-0.24235683699685975,-0.28399999999999986,0.21768427062517848,0.21599999999999997
Check Communication with termination on IN1 Line,113,,,,
Check Communication with termination on IN2 Line,113,,,,
Check Communication with termination on OUT2 Line,113,,,,
Check Communication without termination on IN1 Line,113,,,,
Check relay CC on OUT1 Line,113,,,,
Check relay CC on IN2 Line,113,,,,
Check relay CC on IN1 Line,113,,,,
Check relay CC on OUT2 Line,113,,,,
Check Communication with termination on OUT1 Line,113,,,,
Check current flow in RR1 and RR2,111,-0.003813813813813823,0.003333333333333381,0.44279279279279277,0.4566666666666668
MVB Not Installed on FT0128267-100,111,,,,
Test IoT,110,,,,
TPL Mflexx - TPL bench at 6 Bar,90,-0.366,-0.36000000000000004,0.13399999999999998,0.13999999999999999
TSP2 Mflexx - TSP2 bench at 6 Bar,90,-0.19066666666666668,-0.18500000000000003,0.3075555555555555,0.315
TSP1 Mflexx - TSP1 bench at 6 Bar,90,-0.29300000000000004,-0.31,0.207,0.18999999999999997
TLP1 Mflexx - TLP1 bench at 6 Bar,90,-0.4012222222222222,-0.415,0.09877777777777777,0.08499999999999999
TBC2 Mflexx - TBC2 bench at 6 Bar,90,-0.3908888888888889,-0.38000000000000006,0.10911111111111109,0.12
TBC1 Mflexx - TBC1 bench at 6 Bar,90,-0.36744444444444446,-0.42,0.13255555555555554,0.08
TLP2 Mflexx - TLP2 bench at 6 Bar,90,-0.38066666666666665,-0.41,0.11933333333333332,0.08999999999999998
Pressure discharge,75,,,,
"TBC1 at 3,57  Bar",73,-0.24311643835616506,0.04999999999999895,-0.008527397260274086,0.43499999999999994
"TBC2 at 3,67  Bar",73,-0.24345890410958967,0.05749999999999923,-0.0054452054794521376,0.42749999999999966
"TSP2 at 5,613 Bar",73,-0.5873972602739698,0.17000000000000334,-0.4504109589041089,0.3299999999999989
"TPL at 3,57  Bar",73,-0.08578767123287745,0.21749999999999942,-0.14421232876712334,0.28250000000000003
"TLP1 at 5,613 Bar",73,-0.5263013698630107,0.25000000000000333,-0.511506849315068,0.2499999999999989
"TSP1 at 5,613 Bar",73,-0.9392465753424628,0.23500000000000276,-0.8674657534246564,0.2499999999999989
"TLP2 at 5,613 Bar",73,-0.5184931506849288,0.2650000000000039,-0.5191780821917797,0.23499999999999832
Wait 5 minutes for pressure stabilization...,66,,,,
Wait 5 minutes for leakage test...,66,,,,
Record AR1 (T1) initial pressure,57,-0.03070175438596426,-0.02999999999999936,0.4692982456140357,0.47000000000000064
Check TPL (T8) leakage,57,-0.47645630093540486,-0.475,0.023543699064595126,0.025
Record AR2 (T2) initial pressure,57,-0.032280701754385306,-0.02999999999999936,0.4677192982456147,0.47000000000000064
Check AR2 (T2) leakage,57,-0.20546739337537845,-0.19444444444444445,0.29453260662462155,0.3055555555555556
Test AR1 (T1) pressure,57,0.009473684210526113,0.009999999999999787,0.49052631578947387,0.4900000000000002
Check AR1 (T1) leakage,57,-0.21104617633583067,-0.19736842105263158,0.2889538236641693,0.3026315789473684
Test AR2 (T2) pressure,57,0.010877192982455909,0.009999999999999787,0.48912280701754407,0.4900000000000002
Check Difference TX-RX Counter,45,1.5888888888888888,0.5,-1.0888888888888888,0.0
Test BA = MGD_BOOST (T8) pressure,39,-0.3807692307692313,-0.4000000000000018,0.11666666666666618,0.09999999999999823
Record BC2 = 0bar (T12) initial pressure,38,-0.5,-0.5,0.0,0.0
Check BC2 (T12) discharged,38,-0.5,-0.5,0.0,0.0
Check BC1 (T10) discharged,38,-0.5,-0.5,0.0,0.0
Record BC1 = 0bar (T10) initial pressure,38,-0.5,-0.5,0.0,0.0
BC1 and BC2 to 6.0 Bar,33,,,,
BC2 Pressure at VPL = 2.5,31,-0.7822580645161327,-0.12500000000000222,-0.3061290322580679,0.3749999999999978
BC1 Pressure at VPL = 2.5,31,-0.7824193548387126,-0.12500000000000222,-0.3062903225806484,0.3749999999999978
Record BA = MGD_BOOST (T8) initial pressure,30,-0.37500000000000117,-0.4500000000000009,0.12166666666666553,0.049999999999999115
TBC2 at 6 Bar,29,-0.10448275862068984,0.0550000000000008,0.32965517241379244,0.4449999999999992
TBC1 at 6 Bar,29,-0.12620689655172462,-0.040000000000000174,0.32551724137930976,0.4599999999999998
TPL at 6 Bar,29,0.02982758620689697,0.1450000000000001,0.22741379310344711,0.30999999999999805
Record BC1 = TPL-0.1bar (T10) initial pressure,28,0.11071428571428533,0.09999999999999823,0.38928571428571396,0.4000000000000018
Check BC1 (T10) leakage,28,-0.40718278615794146,-0.44285714285714284,0.09281721384205856,0.05714285714285714
Check BC2 (T12) leakage,28,-0.4317102928127773,-0.43478260869565216,0.06828970718722271,0.06521739130434782
Record BC2 = TPL-0.1bar (T12) initial pressure,28,0.18392857142857122,0.2499999999999989,0.3160714285714284,0.25
Test BA = MGD_MIN (T8) pressure,27,-0.2574074074074069,-0.24999999999999917,0.24259259259259253,0.2500000000000003
Record BA = MGD_MIN (T8) initial pressure,27,-0.20740740740740732,-0.20000000000000023,0.2925925925925921,0.2999999999999992
Flash Test Application ETH,19,,,,
TLP1 at 5 Bar,19,0.290789473684211,0.3050000000000008,0.20921052631578904,0.1949999999999992
TSP2 at 5 Bar,19,0.1794736842105266,0.2000000000000009,0.3205263157894734,0.2999999999999991
TLP2 at 5 Bar,19,0.28526315789473705,0.2749999999999996,0.21473684210526292,0.22500000000000045
TSP1 at 5 Bar,19,0.24342105263158048,0.21500000000000152,0.2565789473684195,0.2849999999999985
Check supplied O-Ring kit,17,,,,
Check IN2A-IN2B Echelon TX Counter,12,-0.08887213847012843,-0.10804020100502512,0.41112786152987163,0.39195979899497485
Check UUT Diagnostic: EV_Vent2=OK and EV_Fill2=OK,12,,,,
Check IN1A-IN1B Echelon TX Counter,12,-0.08665829145728643,-0.11557788944723618,0.4100083752093802,0.3844221105527638
Check IN2A-IN2B Echelon Error Counter,12,-0.13,-0.135,0.37,0.365
Check IN2A-IN2B Echelon RX Counter,12,-0.2633333333333333,-0.2633333333333333,0.23666666666666666,0.23666666666666666
Check OUT2A-OUT2B Echelon TX Counter,12,-0.0862395309882747,-0.11557788944723618,0.41042713567839195,0.3844221105527638
Check OUT2A-OUT2B Echelon Warning Counter,12,-0.49,-0.49,0.01,0.01
Check IN1A-IN1B Echelon RX Counter,12,-0.2575,-0.2633333333333333,0.2375,0.23666666666666666
Check IN1A-IN1B Echelon Error Counter,12,-0.125,-0.125,0.375,0.375
Check IN2A-IN2B Echelon Warning Counter,12,-0.49,-0.49,0.01,0.01
Check OUT1A-OUT1B Echelon Error Counter,12,-0.12875,-0.135,0.37124999999999997,0.365
Check OUT1A-OUT1B Echelon RX Counter,12,-0.24583333333333332,-0.2633333333333333,0.23916666666666667,0.23666666666666666
Check IN1A-IN1B Echelon Warning Counter,12,-0.49,-0.49,0.01,0.01
Simulation open circuit condition,12,,,,
Check OUT1A-OUT1B Echelon Warning Counter,12,-0.49,-0.49,0.01,0.01
Check OUT2A-OUT2B Echelon Error Counter,12,-0.12875,-0.135,0.37124999999999997,0.365
Check OUT2A-OUT2B Echelon RX Counter,12,-0.2575,-0.2633333333333333,0.2375,0.23666666666666666
Check OUT1A-OUT1B Echelon TX Counter,12,-0.07678671133445003,-0.10552763819095477,0.41321328866554996,0.3944723618090452
Simulation short circuit condition,12,,,,
Check UUT Diagnostic: EV_Vent1=OK and EV_Fill1=OK,12,,,,
PWM Not present,12,,,,
EV_LOAD=ON EV_UNLOAD=OFF EVF1&2=OFF EVS1&2=OFF RR1&2=ON,10,,,,
EV_LOAD=ON EV_UNLOAD=OFF EVF1&2=OFF EVS1&2=OFF RR1&2=OFF,10,,,,
EV_LOAD=ON EV_UNLOAD=OFF EVF1&2=ON EVS1&2=ON RR1&2=OFF,10,,,,
Check LP1 (T4) leakage,9,-0.27469135802469136,-0.2777777777777778,0.22530864197530864,0.2222222222222222
Check BC2 = 0bar (T12) Discherged,9,-0.39999999999999997,-0.39999999999999997,0.09999999999999999,0.09999999999999999
CH10 Initial pressure,9,-0.39999999999999997,-0.39999999999999997,0.09999999999999999,0.09999999999999999
"VPL=6,5bar EVF=ON EVS=OFF",9,,,,
Check LP2 (T3) leakage,9,-0.271604938271605,-0.2777777777777778,0.22839506172839505,0.2222222222222222
TSP2 at 8 Bar,9,0.026111111111110547,0.03499999999999849,0.47388888888888947,0.4650000000000015
Record SP1 (T5) initial pressure,9,0.04444444444444447,0.04444444444444447,0.4555555555555555,0.45555555555555555
Record SP2 (T7) initial pressure,9,-0.009999999999999787,-0.009999999999999787,0.4900000000000002,0.4900000000000002
Record LP1 (T4) initial pressure,9,-0.018888888888888487,-0.019999999999999574,0.4811111111111115,0.4800000000000004
Check SP1 (T5) leakage,9,-0.24074074074074073,-0.2361111111111111,0.2592592592592593,0.2638888888888889
Check SP2 (T7) leakage,9,-0.2638888888888889,-0.2638888888888889,0.2361111111111111,0.2361111111111111
Check BC1 = 0bar (T10) Discherged,9,-0.39999999999999997,-0.39999999999999997,0.09999999999999999,0.09999999999999999
TLP1 at 8 Bar,9,0.22499999999999845,0.22999999999999768,0.2750000000000015,0.2700000000000023
Record LP2 (T3) initial pressure,9,-0.041111111111111126,-0.040000000000000036,0.4588888888888889,0.45999999999999996
"Set VPL regolation to 5,5bar",9,-0.11111111111111259,-0.15000000000000177,0.3444444444444427,0.3499999999999982
"TPLP1 e 2 = 8bar, TPSP1 e 2 = 8bar",9,,,,
TLP2 at 8 Bar,9,0.21333333333333232,0.22999999999999768,0.2866666666666677,0.2700000000000023
TSP1 at 8 Bar,9,0.21833333333333155,0.22999999999999768,0.28166666666666845,0.2700000000000023
Check AR = 0bar (T1) Discherged,9,-0.48888888888888893,-0.5,0.01111111111111111,0.0
Test BC2 = TPL-0.1bar (T12) pressure,9,0.26666666666666566,0.2499999999999989,0.23333333333333262,0.2499999999999989
Test LP1 (T4) pressure,9,0.07000000000000028,0.07000000000000028,0.4299999999999997,0.4299999999999997
CH11 DIscharging time,9,-0.3780246913580246,-0.45111111111111096,0.07604938271604951,0.04888888888888903
Test SP2 (T7) pressure,9,0.06111111111111159,0.0600000000000005,0.43888888888888844,0.4399999999999995
CH11 Initial pressure,9,-0.3777777777777795,-0.4000000000000018,0.12222222222222055,0.09999999999999823
EV_LOAD=OFF EV_UNLOAD=ON EVF1&2=OFF EVS1&2=OFF RR1&2=ON,9,,,,
EV_LOAD=OFF EV_UNLOAD=ON EVF1&2=ON EVS1&2=ON RR1&2=OFF,9,,,,
EV_LOAD=OFF EV_UNLOAD=ON EVF1&2=OFF EVS1&2=OFF RR1&2=OFF,9,,,,
Test LP2 (T3) pressure,9,0.048888888888889426,0.05000000000000071,0.4511111111111106,0.4499999999999993
Test SP1 (T5) pressure,9,0.07000000000000028,0.07000000000000028,0.4299999999999997,0.4299999999999997
Test BC1 = TPL-0.1bar (T10) pressure,9,0.21666666666666679,0.2,0.2833333333333315,0.29999999999999777
CH10 DIscharging time,9,,,,
Wait 2 minutes for leakage test...,9,,,,
VBAT1 Activation at 110V,9,,,,
WSP_Fill1 = OFF and monostable reset,8,-0.5,-0.5,0.0,0.0
WSP_Fill2 = OFF and monostable reset,8,-0.5,-0.5,0.0,0.0
Check Vanalog Voltage,8,-0.03333333333333254,-0.03333333333333254,0.46666666666666745,0.46666666666666745
Check UUT RL_Spare2 Diagnostic = OK,8,,,,
Check UUT DO_Spare3 Diagnostic = OK,8,,,,
Check UUT RL_Spare1 Diagnostic = OK,8,,,,
Check UUT DO_Spare1 Diagnostic = OK,8,,,,
Check UUT Diagnostic: EV_Air = OK,8,,,,
Check Vdigital2 Voltage,8,-0.024999999999999224,-0.049999999999999004,0.46249999999999963,0.4499999999999999
Check Vdigital1 Voltage,8,-0.024999999999999502,-0.024999999999999502,0.44999999999999934,0.4499999999999999
Check UUT DO_Spare2 Diagnostic = OK,8,,,,
Check BCP2_STn = OFF,8,,,,
Check BCP2_ST = ON,8,,,,
Check BCP1_STn = OFF,8,,,,
Check BCP1_ST = ON,8,,,,
Check ATE PS1 = ON,8,-0.2287499999999998,-0.2299999999999997,0.2712500000000002,0.2700000000000003
Check ATE PS2 = ON,8,-0.22749999999999987,-0.22749999999999987,0.2725000000000002,0.2725000000000002
Check ATE EV_Unload = OFF,8,-0.3,-0.3,0.2,0.2
Check ATE EV_Load = OFF,8,-0.3,-0.3,0.2,0.2
Link CPU through USB,5,,,,
CPUG2F SW Info,5,,,,
CPUG2F GetInfo,5,,,,
Test Bench Init,5,,,,
Connection,5,,,,
CPU Programming through USB,5,,,,
Thicknesses Assembling,4,,,,
Test without termination resistor: OUT2A-OUT2B line,4,,,,
Test without termination resistor: OUT1A-OUT1B line,4,,,,
Test without termination resistor: IN2A-IN2B line,4,,,,
Test without termination resistor: IN1A-IN1B line,4,,,,
Test with termination resistor: OUT2A-OUT2B line,4,,,,
Test with termination resistor: OUT1A-OUT1B line,4,,,,
Test with termination resistor: IN2A-IN2B line,4,,,,
Test with termination resistor: IN1A-IN1B line,4,,,,
Check +15Viso_2 Voltage,4,-0.3366666666666666,-0.3233333333333336,0.1633333333333334,0.17666666666666647
Check +15Viso_1 Voltage,4,-0.3600000000000003,-0.3433333333333337,0.13999999999999968,0.1566666666666663
Check +15V_iso_a2 with load,4,-0.1825000000000001,-0.17500000000000013,0.3174999999999999,0.3249999999999999
Check +15V_iso_a1 with load,4,-0.19999999999999987,-0.19333333333333308,0.3000000000000001,0.306666666666667
EV_Fill1 Activation,4,,,,
EV_Air Deactivation,4,,,,
EV_Air Activation,4,,,,
Check Vanalog whitout load,4,0.04166666666666568,0.04999999999999881,0.4583333333333343,0.4500000000000012
Check Vanalog whit load,4,-0.04166666666666642,-0.03333333333333254,0.4583333333333336,0.46666666666666745
Check VBAT2 Average Current,4,-0.008333333333333366,-0.1541666666666667,0.2645833333333333,0.32291666666666663
Check VBAT1 Average Current,4,0.12041666666666669,0.14583333333333331,0.3795833333333333,0.35416666666666663
Check UUT Temperature Sensor,4,0.11125000000000003,0.11249999999999999,0.38875,0.38749999999999996
Check UUT Status: EV_Vent2=ON and EV_Fill2=OFF,4,,,,
Link on LCM2,4,,,,
Link on LCM1,4,,,,
Laser quote,4,-0.2107494999999999,-0.2154994999999999,0.2892505000000001,0.2845005000000001
LCU Life disable to test EV_Load and EV_Unload,4,,,,
LCM2 Sw Info,4,,,,
LCM2 Slave Configuration,4,,,,
LCM2 Programming,4,,,,
LCM2 GetInfo,4,,,,
LCM1 Sw Info,4,,,,
LCM1 Programming,4,,,,
LCM1 Master Configuration,4,,,,
LCM1 GetInfo,4,,,,
Ethernet physical layer test,4,,,,
EV_Vent2 and EV_Fill2 Deactivation,4,,,,
Check UUT Status: EV_Air = OFF,4,,,,
Check UUT RL_Spare2 Status = ON,4,,,,
Check UUT RL_Spare2 Status = OFF due to life absence,4,,,,
Check UUT RL_Spare2 Status = OFF,4,,,,
Check UUT RL_Spare2 Diagnostic detection,4,,,,
Check UUT RL_Spare2 Diagnostic = OPEN,4,,,,
Check UUT RL_Spare2 Diagnostic = LIFE_OFF,4,,,,
Check UUT RL_Spare2 = ON without LIFE signal,4,,,,
Check UUT RL_Spare1 Status = ON,4,,,,
Check UUT RL_Spare1 Status = OFF due to life absence,4,,,,
Check UUT RL_Spare1 Status = OFF,4,,,,
Check UUT RL_Spare1 Diagnostic detection,4,,,,
Check UUT RL_Spare1 Diagnostic = OPEN,4,,,,
Check UUT LCM2 MJF_NC Contact = ON,4,,,,
Check UUT LCM2 MJF_NC Contact = OFF,4,,,,
Check UUT LCM1 MJF_NO Contact = ON,4,,,,
Check UUT LCM1 MJF_NO Contact = OFF,4,,,,
Check UUT LCM1 MJF_NC Contact = ON,4,,,,
Check UUT LCM1 MJF_NC Contact = OFF,4,,,,
Check UUT Diagnostic: EV_Vent2=SHORT and EV_Fill2=SHORT,4,,,,
Check UUT Diagnostic: EV_Vent2=OPEN and EV_Fill2=OPEN,4,,,,
Check UUT Diagnostic: EV_Vent1=SHORT and EV_Fill1=SHORT,4,,,,
Check UUT Diagnostic: EV_Vent1=OPEN and EV_Fill1=OPEN,4,,,,
Mac Address :,4,,,,
Check UUT Status: EV_Load=OFF and EV_Unload=OFF,4,,,,
Check UUT Status: EV_Air = ON,4,,,,
Check UUT DO_Spare3 Diagnostic = LIFE_OFF,4,,,,
Check UUT DO_Spare3 = ON without LIFE signal,4,,,,
Check UUT DO_Spare2 Status = ON,4,,,,
Check UUT DO_Spare2 Status = OFF due to life absence,4,,,,
Check UUT DO_Spare2 Status = OFF,4,,,,
Reactivation of VBAT1,4,,,,
Power OFF,4,,,,
Position Verify,4,,,,
Check UUT RL_Spare1 Diagnostic = LIFE_OFF,4,,,,
Check UUT RL_Spare1 = ON without LIFE signal,4,,,,
Check UUT LCM2 MJF_NO Contact = ON,4,,,,
Check UUT LCM2 MJF_NO Contact = OFF,4,,,,
Check UUT DO_Spare1 Diagnostic = SHORT,4,,,,
Check UUT DO_Spare1 Diagnostic = OPEN,4,,,,
Check UUT DO_Spare1 Diagnostic = LIFE_OFF,4,,,,
Check UUT DO_Spare1 = ON without LIFE signal,4,,,,
Read VBAT2 Voltage,4,0.0,0.0,0.5,0.5
Read VBAT1 Voltage,4,0.01249999999999929,0.01249999999999929,0.4875000000000007,0.4875000000000007
Check UUT Diagnostic: EV_Air = SHORT,4,,,,
Check UUT Diagnostic: EV_Air = OPEN,4,,,,
Check UUT DO_Spare3 Status = ON,4,,,,
Check UUT DO_Spare3 Status = OFF due to life absence,4,,,,
Check UUT DO_Spare3 Status = OFF,4,,,,
Check UUT DO_Spare3 Diagnostic detection,4,,,,
Check UUT DO_Spare3 Diagnostic = SHORT,4,,,,
Check UUT DO_Spare3 Diagnostic = OPEN,4,,,,
Start and Wait CAN communication,4,,,,
Spring Rings Depth,4,0.17811904761904762,0.17931904761904763,0.3218809523809524,0.3206809523809524
Seeger Quote Trimmed,4,-0.10233333333333333,-0.101,0.39766666666666667,0.399
Seeger Quote,4,-0.13583333333333333,-0.13466666666666666,0.36416666666666664,0.36533333333333334
Check UUT DO_Spare2 Diagnostic detection,4,,,,
Check UUT DO_Spare2 Diagnostic = SHORT,4,,,,
Check UUT DO_Spare2 Diagnostic = OPEN,4,,,,
Check UUT DO_Spare2 Diagnostic = LIFE_OFF,4,,,,
Check UUT DO_Spare2 = ON without LIFE signal,4,,,,
Check UUT DO_Spare1 Status = ON,4,,,,
Check UUT DO_Spare1 Status = OFF due to life absence,4,,,,
Check UUT DO_Spare1 Status = OFF,4,,,,
Check UUT DO_Spare1 Diagnostic detection,4,,,,
Check Spdin1_Diag with 20mA,4,,,,
Check Spdin1_Diag with 16mA,4,,,,
Check Spdin1_Diag with 12mA,4,,,,
Check Spdin1_Diag with 0mA,4,,,,
Check Spdin1 = 500Hz,4,0.2,0.2,0.3,0.3
"Test TApress Voltage 0-5V on CPUG2, LCU1, LCU2",4,,,,
Test RS485 communication on LCM2,4,,,,
Test RS485 communication on LCM1,4,,,,
Test PWM2 = ON,4,,,,
Test PWM2 = OFF,4,,,,
Test PWM1 = ON,4,,,,
Test PWM1 = OFF,4,,,,
Test Mac Address FTI Id,4,,,,
Test MVB,4,,,,
Test LMC2 SafLoop = ON,4,,,,
Test LMC2 SafLoop = OFF,4,,,,
Test LCU2 TPLpress = 4.5V,4,-0.0974999999999996,-0.10999999999999938,0.3975000000000009,0.3900000000000006
Test LCU2 TPLpress = 2.5V,4,-0.007499999999998629,-0.014999999999998369,0.4625000000000002,0.45500000000000046
Test LCU2 TPLpress = 0V,4,-0.27158,-0.27158,0.22841999999999998,0.22841999999999998
Test LCU2 TLP2press = 4.5V,4,-0.10250000000000128,-0.11500000000000106,0.39249999999999924,0.38499999999999895
Test LCU2 TLP2press = 2.5V,4,-0.027499999999998675,-0.034999999999998414,0.4575000000000002,0.4599999999999999
Check Park_boost with SPD1 < 14Hz,4,,,,
Check Park_boost for any speed,4,,,,
Check Spdin1 = 3000Hz,4,0.4,0.4,0.1,0.1
Check Spdin1 = 1500Hz,4,0.2466666666666697,0.2466666666666697,0.2533333333333303,0.2533333333333303
Check Spdin1 = 100Hz,4,0.09999999999999432,0.09999999999999432,0.4000000000000057,0.4000000000000057
Check Spdin2_Diag with 8mA,4,,,,
Check Spdin2_Diag with 20mA,4,,,,
Check Spdin2_Diag with 16mA,4,,,,
Check Spdin2_Diag with 12mA,4,,,,
Check Spdin2_Diag with 0mA,4,,,,
Check Spdin2 = 500Hz,4,0.2,0.2,0.3,0.3
Check Spdin2 = 3000Hz,4,0.4,0.4,0.1,0.1
Check Spdin2 = 1500Hz,4,0.2466666666666697,0.2466666666666697,0.2533333333333303,0.2533333333333303
Check Spdin2 = 100Hz,4,0.09999999999999432,0.09999999999999432,0.4000000000000057,0.4000000000000057
Check Spdin1_Diag with 8mA,4,,,,
Check Difference between ATE and UUT,4,0.13333333333333333,0.13166666666666665,0.3666666666666667,0.3683333333333333
Check DO_Spare3 on/off in normal condition,4,,,,
Check DO_Spare2 on/off in normal condition,4,,,,
Check DO_Spare1 on/off in normal condition,4,,,,
Check MJF=ON in normal condition,4,,,,
Check MJF=OFF in normal condition,4,,,,
Check PS output with TBC1pres=1V and TBC2pres=0V,4,,,,
Check PS output with TBC1pres=0V and TBC2pres=1V,4,,,,
Check PS output with TBC1pres=0V and TBC2pres=0V,4,,,,
Check RL_Spare2 on/off in normal condition,4,,,,
Check RL_Spare1 on/off in normal condition,4,,,,
Check Ping to UUT address 10.1.17.11,4,,,,
Check Park_boost with SPD2 > 18Hz,4,,,,
Check Park_boost with SPD2 < 14Hz,4,,,,
Check Park_boost with SPD1 > 18Hz,4,,,,
Check ATE RR1 Valve = ON,4,0.3125,0.3208333333333334,0.1875,0.17916666666666653
Check ATE RR1 Valve = OFF,4,-0.5,-0.5,0.0,0.0
Check ATE RL_Spare2 = ON,4,-0.1,-0.1,0.4,0.4
Check CAN Warning Conter,4,,,,
Check CAN TX Conter,4,0.016666666666666663,0.11666666666666667,0.33333333333333337,0.375
Check CAN RX Conter,4,-0.016666666666666663,0.08333333333333333,0.35000000000000003,0.4083333333333333
Check CAN Error Conter,4,,,,
Check BCP2_STn = ON,4,,,,
WSP_Fill1 Activation at time=0,4,,,,
WSP_Fill2 Activation at time=0,4,,,,
Check BCP2_ST = OFF,4,,,,
Check BCP1_STn = ON,4,,,,
WSP_Vent1 Activation at time=0,4,,,,
WSP_Vent2 Activation at time=0,4,,,,
Check BCP1_ST = OFF,4,,,,
Wait WSP_Fill1 monostable trip time,4,,,,
Check ATE PS1 = OFF,4,-0.5,-0.5,0.0,0.0
Check ATE MJF2_NC = ON,4,-0.5,-0.5,0.0,0.0
Check ATE MJF2_NC = OFF,4,0.0,0.0,0.5,0.5
Check ATE MJF1_NC = ON,4,-0.5,-0.5,0.0,0.0
Check ATE MJF1_NC = OFF,4,0.0,0.0,0.5,0.5
Check ATE EV_Vent2 = ON,4,0.06999999999999958,0.05999999999999943,0.43000000000000044,0.44000000000000056
Check ATE EV_Vent2 = OFF,4,-0.5,-0.5,0.0,0.0
Check ATE EV_Vent1 = ON,4,0.07999999999999971,0.07999999999999971,0.42000000000000026,0.42000000000000026
Check ATE WSP_Vent2 = ON,4,0.05999999999999979,0.05999999999999943,0.4400000000000002,0.44000000000000056
Check ATE WSP_Vent1 = ON,4,0.04999999999999964,0.05999999999999943,0.45000000000000034,0.44000000000000056
Check ATE WSP_Fill2 = ON,4,0.06999999999999958,0.05999999999999943,0.43000000000000044,0.44000000000000056
Check ATE WSP_Fill1 = ON,4,0.06999999999999958,0.05999999999999943,0.43000000000000044,0.44000000000000056
Check ATE Temperature Sensor,4,0.010624999999999996,0.0062499999999999995,0.481875,0.48750000000000004
Check ATE RR2 Valve = ON,4,0.34375,0.32083333333333314,0.15625,0.17916666666666684
Check ATE RR2 Valve = OFF,4,-0.5,-0.5,0.0,0.0
Check ATE EV_Air = ON,4,-0.05624999999999991,-0.04999999999999982,0.4437500000000001,0.4500000000000002
Check ATE EV_Air = OFF,4,0.30000000000000004,0.30000000000000004,0.19999999999999996,0.19999999999999996
Check ATE DO_Spare3 = ON,4,-0.04750000000000014,-0.04750000000000014,0.4524999999999999,0.4524999999999999
Check ATE DO_Spare3 = OFF due to life absence,4,-0.5,-0.5,0.0,0.0
Check ATE DO_Spare3 = OFF,4,-0.3,-0.3,0.2,0.2
Check ATE DO_Spare2 = ON,4,-0.04750000000000014,-0.04750000000000014,0.4524999999999999,0.4524999999999999
Check ATE DO_Spare2 = OFF due to life absence,4,-0.5,-0.5,0.0,0.0
Check ATE RL_Spare2 = OFF due to life absence,4,0.04999999999999982,0.04999999999999982,0.4500000000000002,0.4500000000000002
Check ATE RL_Spare2 = OFF,4,0.04999999999999982,0.04999999999999982,0.4500000000000002,0.4500000000000002
Check ATE RL_Spare1 = ON,4,-0.1,-0.1,0.4,0.4
Check ATE RL_Spare1 = OFF due to life absence,4,0.04999999999999982,0.04999999999999982,0.4500000000000002,0.4500000000000002
Check ATE RL_Spare1 = OFF,4,0.04999999999999982,0.04999999999999982,0.4500000000000002,0.4500000000000002
Calibration check,4,-0.11666666666666432,-0.04166666666666405,0.04999999999999834,0.12499999999999861
Check ATE PS2 = OFF,4,-0.5,-0.5,0.0,0.0
Check +5V_ana whit load,4,-0.13333333333333314,-0.13333333333333314,0.36666666666666686,0.36666666666666686
Check +5V_ANA Voltage,4,-0.13333333333333314,-0.13333333333333314,0.36666666666666686,0.36666666666666686
Test An_TSP3 Voltage 0-5V on CPUG2,4,,,,
Test An_TSP2 Voltage 0-5V on CPUG2,4,,,,
Test Ai_Spare2 Current 4-20mA on CPUG2,4,,,,
Test Ai_Spare1 Current 4-20mA on CPUG2,4,,,,
Test Acc-Gyr,4,,,,
Check ATE EV_Vent1 = OFF,4,-0.5,-0.5,0.0,0.0
Check ATE EV_Unload = ON,4,-0.17499999999999982,-0.17499999999999982,0.3250000000000002,0.3250000000000002
Test LCU1 TLP1press = 2.5V,4,0.04500000000000177,0.050000000000001224,0.4449999999999999,0.4499999999999999
Check ATE EV_Load = ON,4,-0.1812499999999999,-0.17499999999999982,0.3187500000000001,0.3250000000000002
EV_Fill1 Deactivation and EV_Vent1 Activation,4,,,,
Check ATE EV_Fill2 = ON,4,0.06999999999999958,0.05999999999999943,0.43000000000000044,0.44000000000000056
Check ATE EV_Fill2 = OFF,4,-0.5,-0.5,0.0,0.0
Check ATE EV_Fill1 = ON,4,0.06999999999999958,0.05999999999999943,0.43000000000000044,0.44000000000000056
Check ATE EV_Fill1 = OFF,4,-0.5,-0.5,0.0,0.0
Test CPUG2 An_TSP2 = 2.5V,4,0.049999999999999115,0.049999999999999115,0.45000000000000084,0.45000000000000084
Test CPUG2 An_TSP2 = 0V,4,-0.14500000000000002,-0.15000000000000002,0.355,0.35
Test CPUG2 Ai_sp2 = 4mA,4,0.09249999999999993,0.09249999999999993,0.407499999999999,0.407499999999999
Test CPUG2 Ai_sp2 = 19mA,4,0.008749999999997246,-0.0025000000000030198,0.4762500000000024,0.48499999999999965
Test CPUG2 Ai_sp2 = 12mA,4,0.05749999999999942,0.05749999999999943,0.44250000000000056,0.44250000000000056
Test CPUG2 Ai_sp1 = 4mA,4,0.15499999999999867,0.15499999999999867,0.3450000000000002,0.3450000000000002
Test CPUG2 Ai_sp1 = 19mA,4,-0.07750000000000035,-0.06500000000000745,0.42249999999999965,0.43499999999999256
Test CPUG2 Ai_sp1 = 12mA,4,0.044999999999999644,0.045000000000001865,0.45500000000000035,0.45499999999999813
Test CODE-ID on LCM2,4,,,,
Test CODE-ID on LCM1,4,,,,
Wait WSP_Vent2 monostable trip time,4,,,,
Check ATE DO_Spare2 = OFF,4,-0.3,-0.3,0.2,0.2
Check ATE DO_Spare1 = ON,4,-0.04750000000000014,-0.04750000000000014,0.4524999999999999,0.4524999999999999
Check ATE DO_Spare1 = OFF due to life absence,4,-0.5,-0.5,0.0,0.0
Check ATE DO_Spare1 = OFF,4,-0.3,-0.3,0.2,0.2
Check +5V_ana whitout load,4,-0.024999999999999405,-0.03333333333333254,0.4750000000000006,0.46666666666666745
Test CPUG2 DigIn2B = ON,4,,,,
Test CPUG2 DigIn2B = OFF,4,,,,
Test CPUG2 DigIn2A = ON,4,,,,
Test CPUG2 DigIn2A = OFF,4,,,,
Test CPUG2 DigIn1D = ON,4,,,,
Test CPUG2 DigIn1D = OFF,4,,,,
Test CPUG2 DigIn1C = ON,4,,,,
Test CPUG2 DigIn1C = OFF,4,,,,
Test CPUG2 DigIn1B = ON,4,,,,
Test CPUG2 DigIn1B = OFF,4,,,,
Test CPUG2 DigIn1A = ON,4,,,,
Test CPUG2 DigIn1A = OFF,4,,,,
Test CPUG2 An_TSP3 = 4.5V,4,-0.4880952380952375,-0.4880952380952375,0.011904761904762489,0.011904761904762489
Test CPUG2 An_TSP3 = 2.5V,4,-0.019999999999997867,-0.019999999999997867,0.48000000000000215,0.48000000000000215
Test CPUG2 An_TSP3 = 0V,4,-0.22999999999999998,-0.22999999999999998,0.27,0.27
Test CPUG2 An_TSP2 = 4.5V,4,-0.4842857142857141,-0.4842857142857141,0.015714285714285875,0.015714285714285875
Test CPUG2 TApress = 2.5V,4,-7.546047120499111e-16,0.0,0.46938775510204045,0.4693877551020412
Test CPUG2 TApress = 0V,4,-0.08,-0.08,0.42,0.42
Test CPUG2 SafLoop2 = ON,4,,,,
Test CPUG2 SafLoop2 = OFF,4,,,,
Test CPUG2 SafLoop1 = ON,4,,,,
Test CPUG2 SafLoop1 = OFF,4,,,,
Test CPUG2 RR2 = ON,4,,,,
Test CPUG2 RR2 = OFF,4,,,,
Test CPUG2 RR1 = ON,4,,,,
Test CPUG2 RR1 = OFF,4,,,,
Test CPUG2 PARK = ON,4,,,,
Test CPUG2 PARK = OFF,4,,,,
Test CPUG2 DigIn2D = ON,4,,,,
Test CPUG2 DigIn2D = OFF,4,,,,
Test CPUG2 DigIn2C = ON,4,,,,
Test CPUG2 DigIn2C = OFF,4,,,,
Test CPUG2 TPLpress = 4.5V,4,-0.13194444444444758,-0.13541666666666943,0.3680555555555555,0.3645833333333337
Test CPUG2 TPLpress = 2.5V,4,-0.015306122448980148,-0.013605442176870739,0.46258503401360507,0.4693877551020412
Test CPUG2 TPLpress = 0V,4,-0.10927999999999997,-0.10927999999999997,0.39072,0.39072
Test CPUG2 TLP2press = 4.5V,4,-0.12152777777778045,-0.1250000000000023,0.37847222222222265,0.3750000000000008
Test CPUG2 TLP2press = 2.5V,4,-0.020408163265307616,-0.017006802721089554,0.46428571428571375,0.47278911564625853
Test CPUG2 TLP2press = 0V,4,0.04,0.04,0.45999999999999996,0.45999999999999996
Test CPUG2 TLP1press = 4.5V,4,-0.09548611111111575,-0.09722222222222746,0.3975694444444421,0.4027777777777757
Test CPUG2 TLP1press = 2.5V,4,-0.008503401360544779,-0.006802721088436124,0.46938775510204045,0.47278911564625853
Test CPUG2 TLP1press = 0V,4,0.01,0.01,0.49,0.49
Test CPUG2 TBC2press = 4.5V,4,-0.13194444444444758,-0.1319444444444491,0.3680555555555555,0.36805555555555397
Test CPUG2 TBC2press = 2.5V,4,-0.011904761904762086,-0.013605442176870739,0.46598639455782315,0.4693877551020412
Test CPUG2 TBC2press = 0V,4,-0.12,-0.12,0.38,0.38
Test CPUG2 TBC1press = 4.5V,4,-0.10937500000000319,-0.10763888888889148,0.3906249999999999,0.3923611111111116
Test CPUG2 TBC1press = 2.5V,4,0.008503401360543266,0.01020408163265192,0.46768707482993255,0.46598639455782387
Test CPUG2 TBC1press = 0V,4,-0.05500000000000001,-0.06,0.445,0.44
Test CPUG2 TApress = 4.5V,4,-0.12152777777778045,-0.1250000000000023,0.37847222222222265,0.3750000000000008
Test LCU1 TBC2press = 4.5V,4,0.027500000000000403,0.04000000000000018,0.42749999999999994,0.4300000000000008
Test LCU1 TBC2press = 2.5V,4,0.05000000000000178,0.050000000000001224,0.44999999999999934,0.4499999999999999
Test LCU1 TBC2press = 0V,4,-0.28500000000000003,-0.28,0.215,0.22
Test LCU1 TBC1press = 4.5V,4,0.0349999999999996,0.044999999999999644,0.4299999999999997,0.4399999999999997
Test LCU1 TBC1press = 2.5V,4,0.07000000000000182,0.07000000000000127,0.42999999999999927,0.4299999999999998
Test LCU1 TBC1press = 0V,4,-0.25,-0.25,0.25,0.25
Test LCU1 TApress = 4.5V,4,0.03750000000000044,0.044999999999999644,0.43250000000000055,0.4450000000000014
Test LCU1 TApress = 2.5V,4,0.07000000000000182,0.07000000000000127,0.42999999999999927,0.4299999999999998
Test LCU1 TApress = 0V,4,-0.27,-0.27,0.22999999999999998,0.22999999999999998
Test LCM2 PARK = ON,4,,,,
Test LCM2 PARK = OFF,4,,,,
Test LCM1 SafLoop = ON,4,,,,
Test LCM1 SafLoop = OFF,4,,,,
Test LCM1 PARK = ON,4,,,,
Test LCM1 PARK = OFF,4,,,,
Test IOT Module,4,,,,
Test LCU2 TLP2press = 0V,4,-0.19,-0.19,0.31,0.31
Test LCU2 TBC2press = 4.5V,4,-0.10000000000000045,-0.10999999999999938,0.3950000000000001,0.3900000000000006
Test LCU2 TBC2press = 2.5V,4,-0.012499999999998086,-0.019999999999997825,0.4625000000000002,0.45500000000000046
Test LCU2 TBC2press = 0V,4,-0.28,-0.28,0.22,0.22
Test LCU2 TBC1press = 4.5V,4,-0.07499999999999979,-0.08000000000000035,0.4099999999999996,0.4199999999999996
Test LCU2 TBC1press = 2.5V,4,0.00750000000000196,2.220446049250313e-15,0.4625000000000002,0.47
Test LCU2 TBC1press = 0V,4,-0.26,-0.26,0.24,0.24
Test LCU2 TApress = 4.5V,4,-0.08499999999999872,-0.09499999999999875,0.4000000000000007,0.40500000000000125
Test LCU2 TApress = 2.5V,4,0.005000000000001677,2.220446049250313e-15,0.4599999999999999,0.4649999999999994
Test LCU2 TApress = 0V,4,-0.26,-0.26,0.24,0.24
Test LCU1 TPLpress = 4.5V,4,0.027500000000000403,0.049999999999999115,0.4275,0.4300000000000008
Test LCU1 TPLpress = 2.5V,4,0.05500000000000179,0.06000000000000125,0.44499999999999934,0.43999999999999984
Test LCU1 TPLpress = 0V,4,-0.27158,-0.27158,0.22841999999999998,0.22841999999999998
Test LCU1 TLP1press = 4.5V,4,0.04500000000000076,0.06000000000000027,0.4250000000000002,0.4350000000000003
Check UUT Status: EV_Vent2=OFF and EV_Fill2=ON,4,,,,
Check UUT Status: EV_Vent2=OFF and EV_Fill2=OFF,4,,,,
Check UUT Status: EV_Vent1=ON and EV_Fill1=OFF,4,,,,
Check UUT Status: EV_Vent1=OFF and EV_Fill1=ON,4,,,,
Check UUT Status: EV_Vent1=OFF and EV_Fill1=OFF,4,,,,
Check UUT Status: EV_Load=ON and EV_Unload=OFF,4,,,,
Check UUT Status: EV_Load=OFF and EV_Unload=ON,4,,,,
DigiIn PARK_ON>55V (Activated),4,,,,
DigiIn PARK_ON<45V (Deactivated),4,,,,
Deactivation of VBAT1,4,,,,
Test LCU1 TLP1press = 0V,4,-0.2,-0.2,0.3,0.3
Check WSP_Vent2 monostable time,4,0.0674999999999999,0.04999999999999982,0.4325000000000001,0.4500000000000002
Check WSP_Vent1 monostable time,4,0.010000000000000231,-0.019999999999999574,0.4500000000000006,0.46000000000000085
Check WSP_Fill2 monostable time,4,0.2517499999999999,0.25950000000000006,0.24825000000000008,0.24049999999999994
Check WSP_Fill1 monostable time,4,0.23925000000000018,0.2839999999999998,0.2607499999999998,0.2160000000000002
Wait WSP_Vent1 monostable trip time,4,,,,
Wait WSP_Fill2 monostable trip time,4,,,,
Test relays CC: OUT2A-OUT2B line,4,,,,
Test relays CC: OUT1A-OUT1B line,4,,,,
Test relays CC: IN2A-IN2B line,4,,,,
Test relays CC: IN1A-IN1B line,4,,,,
Test Vdigital2,4,-0.037499999999999256,-0.049999999999999004,0.46249999999999963,0.4499999999999999
Test Vdigital1,4,-0.04999999999999956,-0.07499999999999962,0.42499999999999927,0.42499999999999927
"Test TPLpress Voltage 0-5V on CPUG2, LCU1, LCU2",4,,,,
"Test TLP2press Voltage 0-5V on CPUG2, LCU2",4,,,,
"Test TLP1press Voltage 0-5V on CPUG2, LCU1",4,,,,
"Test TBC2press Voltage 0-5V on CPUG2, LCU1, LCU2",4,,,,
"Test TBC1press Voltage 0-5V on CPUG2, LCU1, LCU2",4,,,,
EV_Vent1 and EV_Fill1 Deactivation,4,,,,
EV_Fill2 Deactivation and EV_Vent2 Activation,4,,,,
EV_Fill2 Activation,4,,,,
VBAT2 Activation at 110V,4,,,,
BC2 Pressure at VPL = 3.5,2,-4.132500000000016,-4.132500000000016,-3.632500000000016,-3.632500000000016
BC1 Pressure at VPL = 3.5,2,-4.127500000000014,-4.127500000000014,-3.627500000000014,-3.627500000000014
T4 Initial Pressure,2,-0.32999999999999946,-0.32999999999999946,0.17000000000000023,0.17000000000000023
"TA at 3,85 Bar",2,10.93999999999999,10.93999999999999,-10.43999999999999,-10.43999999999999
Spring Ratio Crush,2,-0.16,-0.16,0.34,0.34
Spring Ratio Min,2,0.32,0.32,0.18,0.18
MGD Crush Verify Loop 2,2,0.16666666666666174,0.16666666666666174,0.33333333333333826,0.33333333333333826
Valve Input Pressure,2,-0.024999999999999557,-0.024999999999999557,0.4750000000000004,0.4750000000000004
MGD Crush Verify Loop 1,2,0.2333333333333353,0.2333333333333353,0.2666666666666647,0.2666666666666647
MGD Crush Verify Loop 3,2,0.10000000000000296,0.10000000000000296,0.399999999999997,0.399999999999997
TLP1 at 7 Bar,1,0.2700000000000023,0.2700000000000023,0.22999999999999768,0.22999999999999768
TLP2 at 7 Bar,1,0.2700000000000023,0.2700000000000023,0.22999999999999768,0.22999999999999768
TSP1 at 7 Bar,1,0.2700000000000023,0.2700000000000023,0.22999999999999768,0.22999999999999768
TSP2 at 7 Bar,1,0.05999999999999805,0.05999999999999805,0.44000000000000195,0.44000000000000195
"T4 EVLoad Off Rid2 6,9Bar",1,0.15,0.15,0.35,0.35
T2 Pressure EV Load ON,1,-0.2,-0.2,0.3,0.3
T2 Pressure After R3 closed (Crush discharge),1,0.015837104072397443,0.015837104072397443,0.48416289592760253,0.48416289592760253
T2 Pressure,1,-0.3777777777777744,-0.3777777777777744,0.12222222222222315,0.12222222222222315
"T2 EVLoad Off Rid2 6,9Bar",1,0.3133333333333384,0.3133333333333384,0.18666666666666454,0.18666666666666454
T2 Initial Pressure,1,0.12500000000000278,0.12500000000000278,0.3749999999999972,0.3749999999999972
T4 Pressure After 5 Min,1,-0.21500000000000152,-0.21500000000000152,0.2849999999999985,0.2849999999999985
T4 Pressure After EV load,1,-0.2000000000000009,-0.2000000000000009,0.2999999999999991,0.2999999999999991
QR code Printing,1,,,,
Pressure Leakage in 5 min,1,-0.35,-0.35,0.15,0.15
T4 Pressure EV Load ON,1,-0.1875000000000014,-0.1875000000000014,0.3124999999999986,0.3124999999999986
T4 with EV load ON,1,-0.5333333333333294,-0.5333333333333294,-0.033333333333329385,-0.033333333333329385
MGD MIN Verify Loop 3,1,-0.3333333333333346,-0.3333333333333346,0.1666666666666673,0.1666666666666673
MGD MIN Verify Loop 2,1,-0.3333333333333346,-0.3333333333333346,0.1666666666666673,0.1666666666666673
MGD MIN Verify Loop 1,1,-0.3499999999999994,-0.3499999999999994,0.1500000000000024,0.1500000000000024
CV Pressure Increase in 5 min,1,-0.5,-0.5,0.0,0.0
